Timestamp,Packet_Length,Proto_TCP,Proto_UDP,Proto_ICMP,TCP_SYN,TCP_ACK,TCP_RST,Packet_Rate_1s
1785760980.684792,40,1,0,0,1,0,0,1.0
1785760980.700538,40,1,0,0,1,0,0,2.0
1785760980.716410,40,1,0,0,1,0,0,3.0
1785760980.731994,40,1,0,0,1,0,0,4.0
1785760980.746453,40,1,0,0,1,0,0,5.0
1785760980.762609,40,1,0,0,1,0,0,6.0
1785760980.777529,40,1,0,0,1,0,0,7.0
1785760980.793090,40,1,0,0,1,0,0,8.0
1785760980.808530,40,1,0,0,1,0,0,9.0
1785760980.824395,40,1,0,0,1,0,0,10.0
1785760980.839517,40,1,0,0,1,0,0,11.0
1785760980.854879,40,1,0,0,1,0,0,12.0
1785760980.869904,40,1,0,0,1,0,0,13.0
1785760980.884916,40,1,0,0,1,0,0,14.0
1785760980.889298,40,1,0,0,1,0,0,15.0
1785760980.899945,40,1,0,0,1,0,0,16.0
1785760980.915283,40,1,0,0,1,0,0,17.0
1785760980.930317,40,1,0,0,1,0,0,18.0
1785760980.945378,40,1,0,0,1,0,0,19.0
1785760980.960401,40,1,0,0,1,0,0,20.0
1785760980.975747,40,1,0,0,1,0,0,21.0
1785760980.990859,40,1,0,0,1,0,0,22.0
1785760981.006204,40,1,0,0,1,0,0,23.0
1785760981.021121,40,1,0,0,1,0,0,24.0
1785760981.035981,40,1,0,0,1,0,0,25.0
1785760981.050988,40,1,0,0,1,0,0,26.0
1785760981.066479,40,1,0,0,1,0,0,27.0
1785760981.081303,40,1,0,0,1,0,0,28.0
1785760981.096482,40,1,0,0,1,0,0,29.0
1785760981.111129,40,1,0,0,1,0,0,30.0
1785760981.126095,40,1,0,0,1,0,0,31.0
1785760981.141300,40,1,0,0,1,0,0,32.0
1785760981.156280,40,1,0,0,1,0,0,33.0
1785760981.171418,40,1,0,0,1,0,0,34.0
1785760981.186093,40,1,0,0,1,0,0,35.0
1785760981.200768,40,1,0,0,1,0,0,36.0
1785760981.201092,40,1,0,0,1,0,0,37.0
1785760981.216118,40,1,0,0,1,0,0,38.0
1785760981.231346,40,1,0,0,1,0,0,39.0
1785760981.247219,40,1,0,0,1,0,0,40.0
1785760981.262298,40,1,0,0,1,0,0,41.0
1785760981.277273,40,1,0,0,1,0,0,42.0
1785760981.292933,40,1,0,0,1,0,0,43.0
1785760981.307832,40,1,0,0,1,0,0,44.0
1785760981.322847,40,1,0,0,1,0,0,45.0
1785760981.338583,40,1,0,0,1,0,0,46.0
1785760981.353922,40,1,0,0,1,0,0,47.0
1785760981.369405,40,1,0,0,1,0,0,48.0
1785760981.384828,40,1,0,0,1,0,0,49.0
1785760981.400469,40,1,0,0,1,0,0,50.0
1785760981.415854,40,1,0,0,1,0,0,51.0
1785760981.430635,40,1,0,0,1,0,0,52.0
1785760981.445479,40,1,0,0,1,0,0,53.0
1785760981.460491,40,1,0,0,1,0,0,54.0
1785760981.475331,40,1,0,0,1,0,0,55.0
1785760981.489966,40,1,0,0,1,0,0,56.0
1785760981.505097,40,1,0,0,1,0,0,57.0
1785760981.519900,40,1,0,0,1,0,0,58.0
1785760981.534944,40,1,0,0,1,0,0,59.0
1785760981.550467,40,1,0,0,1,0,0,60.0
1785760981.565258,40,1,0,0,1,0,0,61.0
1785760981.580348,40,1,0,0,1,0,0,62.0
1785760981.595508,40,1,0,0,1,0,0,63.0
1785760981.610219,40,1,0,0,1,0,0,64.0
1785760981.625599,40,1,0,0,1,0,0,65.0
1785760981.640614,40,1,0,0,1,0,0,66.0
1785760981.655835,40,1,0,0,1,0,0,67.0
1785760981.671523,40,1,0,0,1,0,0,68.0
1785760981.686637,40,1,0,0,1,0,0,68.0
1785760981.702047,40,1,0,0,1,0,0,68.0
1785760981.716914,40,1,0,0,1,0,0,68.0
1785760981.731753,40,1,0,0,1,0,0,69.0
1785760981.746624,40,1,0,0,1,0,0,68.0
1785760981.761271,40,1,0,0,1,0,0,69.0
1785760981.775964,40,1,0,0,1,0,0,69.0
1785760981.791638,40,1,0,0,1,0,0,69.0
1785760981.806615,40,1,0,0,1,0,0,69.0
1785760981.821712,40,1,0,0,1,0,0,69.0
1785760981.837541,40,1,0,0,1,0,0,69.0
1785760981.852942,40,1,0,0,1,0,0,69.0
1785760981.868037,40,1,0,0,1,0,0,69.0
1785760981.882970,40,1,0,0,1,0,0,69.0
1785760981.898329,40,1,0,0,1,0,0,68.0
1785760981.913364,40,1,0,0,1,0,0,68.0
1785760981.928942,40,1,0,0,1,0,0,68.0
1785760981.943969,40,1,0,0,1,0,0,68.0
1785760981.959917,40,1,0,0,1,0,0,68.0
1785760981.975360,40,1,0,0,1,0,0,68.0
1785760981.990775,40,1,0,0,1,0,0,68.0
1785760982.005242,40,1,0,0,1,0,0,68.0
1785760982.020520,40,1,0,0,1,0,0,68.0
1785760982.036184,40,1,0,0,1,0,0,67.0
1785760982.051697,40,1,0,0,1,0,0,67.0
1785760982.067279,40,1,0,0,1,0,0,67.0
1785760982.082027,40,1,0,0,1,0,0,67.0
1785760982.097371,40,1,0,0,1,0,0,67.0
1785760982.112038,40,1,0,0,1,0,0,67.0
1785760982.127460,40,1,0,0,1,0,0,67.0
1785760982.142990,40,1,0,0,1,0,0,67.0
1785760982.158161,40,1,0,0,1,0,0,67.0
1785760982.174013,40,1,0,0,1,0,0,67.0
1785760982.189366,40,1,0,0,1,0,0,67.0
1785760982.204990,40,1,0,0,1,0,0,66.0
1785760982.220742,40,1,0,0,1,0,0,66.0
1785760982.235305,40,1,0,0,1,0,0,66.0
1785760982.250620,40,1,0,0,1,0,0,66.0
1785760982.266308,40,1,0,0,1,0,0,66.0
1785760982.281323,40,1,0,0,1,0,0,66.0
1785760982.296532,40,1,0,0,1,0,0,66.0
1785760982.311138,40,1,0,0,1,0,0,66.0
1785760982.326072,40,1,0,0,1,0,0,66.0
1785760982.341017,40,1,0,0,1,0,0,66.0
1785760982.356594,40,1,0,0,1,0,0,66.0
1785760982.371613,40,1,0,0,1,0,0,66.0
1785760982.386465,40,1,0,0,1,0,0,66.0
1785760982.401481,40,1,0,0,1,0,0,66.0
1785760982.416829,40,1,0,0,1,0,0,66.0
1785760982.431603,40,1,0,0,1,0,0,66.0
1785760982.446534,40,1,0,0,1,0,0,66.0
1785760982.461153,40,1,0,0,1,0,0,66.0
1785760982.476223,40,1,0,0,1,0,0,66.0
1785760982.491326,40,1,0,0,1,0,0,66.0
1785760982.506107,40,1,0,0,1,0,0,66.0
1785760982.520885,40,1,0,0,1,0,0,66.0
1785760982.536274,40,1,0,0,1,0,0,66.0
1785760982.551728,40,1,0,0,1,0,0,66.0
1785760982.567322,40,1,0,0,1,0,0,66.0
1785760982.582433,40,1,0,0,1,0,0,66.0
1785760982.597510,40,1,0,0,1,0,0,66.0
1785760982.612977,40,1,0,0,1,0,0,66.0
1785760982.628403,40,1,0,0,1,0,0,66.0
1785760982.643612,40,1,0,0,1,0,0,66.0
1785760982.659431,40,1,0,0,1,0,0,66.0
1785760982.674425,40,1,0,0,1,0,0,66.0
1785760982.689831,40,1,0,0,1,0,0,66.0
1785760982.704595,40,1,0,0,1,0,0,66.0
1785760982.719699,40,1,0,0,1,0,0,66.0
1785760982.734509,40,1,0,0,1,0,0,66.0
1785760982.749374,40,1,0,0,1,0,0,66.0
1785760982.765099,40,1,0,0,1,0,0,66.0
1785760982.780363,40,1,0,0,1,0,0,66.0
1785760982.795619,40,1,0,0,1,0,0,66.0
1785760982.811638,40,1,0,0,1,0,0,66.0
1785760982.827820,40,1,0,0,1,0,0,66.0
1785760982.843479,40,1,0,0,1,0,0,66.0
1785760982.858434,40,1,0,0,1,0,0,66.0
1785760982.873458,40,1,0,0,1,0,0,66.0
1785760982.888962,40,1,0,0,1,0,0,66.0
1785760982.904461,40,1,0,0,1,0,0,66.0
1785760982.919832,40,1,0,0,1,0,0,66.0
1785760982.935004,40,1,0,0,1,0,0,66.0
1785760982.950605,40,1,0,0,1,0,0,66.0
1785760982.966058,40,1,0,0,1,0,0,66.0
1785760982.981037,40,1,0,0,1,0,0,66.0
1785760982.996071,40,1,0,0,1,0,0,66.0
1785760983.011516,40,1,0,0,1,0,0,66.0
1785760983.026171,40,1,0,0,1,0,0,66.0
1785760983.041129,40,1,0,0,1,0,0,66.0
1785760983.057053,40,1,0,0,1,0,0,66.0
1785760983.072138,40,1,0,0,1,0,0,66.0
1785760983.087573,40,1,0,0,1,0,0,66.0
1785760983.103170,40,1,0,0,1,0,0,66.0
1785760983.118935,40,1,0,0,1,0,0,66.0
1785760983.134435,40,1,0,0,1,0,0,66.0
1785760983.149359,40,1,0,0,1,0,0,66.0
1785760983.164563,40,1,0,0,1,0,0,66.0
1785760983.179339,40,1,0,0,1,0,0,66.0
1785760983.194505,40,1,0,0,1,0,0,66.0
1785760983.209408,40,1,0,0,1,0,0,66.0
1785760983.225112,40,1,0,0,1,0,0,66.0
1785760983.239796,40,1,0,0,1,0,0,66.0
1785760983.254166,40,1,0,0,1,0,0,66.0
1785760983.269076,40,1,0,0,1,0,0,66.0
1785760983.283964,40,1,0,0,1,0,0,66.0
1785760983.298975,40,1,0,0,1,0,0,66.0
1785760983.314450,40,1,0,0,1,0,0,66.0
1785760983.329818,40,1,0,0,1,0,0,66.0
1785760983.344582,40,1,0,0,1,0,0,66.0
1785760983.359608,40,1,0,0,1,0,0,66.0
1785760983.374127,40,1,0,0,1,0,0,66.0
1785760983.389336,40,1,0,0,1,0,0,66.0
1785760983.404202,40,1,0,0,1,0,0,66.0
1785760983.419353,40,1,0,0,1,0,0,66.0
1785760983.434044,40,1,0,0,1,0,0,66.0
1785760983.449423,40,1,0,0,1,0,0,66.0
1785760983.464183,40,1,0,0,1,0,0,66.0
1785760983.479387,40,1,0,0,1,0,0,66.0
1785760983.494602,40,1,0,0,1,0,0,66.0
1785760983.509190,40,1,0,0,1,0,0,66.0
1785760983.524828,40,1,0,0,1,0,0,66.0
1785760983.539502,40,1,0,0,1,0,0,66.0
1785760983.554559,40,1,0,0,1,0,0,66.0
1785760983.569270,40,1,0,0,1,0,0,66.0
1785760983.584019,40,1,0,0,1,0,0,66.0
1785760983.599197,40,1,0,0,1,0,0,66.0
1785760983.614151,40,1,0,0,1,0,0,66.0
1785760983.629467,40,1,0,0,1,0,0,66.0
1785760983.644869,40,1,0,0,1,0,0,66.0
1785760983.659799,40,1,0,0,1,0,0,66.0
1785760983.674606,40,1,0,0,1,0,0,66.0
1785760983.675002,40,1,0,0,1,0,0,67.0
1785760983.689384,40,1,0,0,1,0,0,68.0
1785760983.704270,40,1,0,0,1,0,0,68.0
1785760983.719261,40,1,0,0,1,0,0,68.0
1785760983.734108,40,1,0,0,1,0,0,68.0
1785760983.749622,40,1,0,0,1,0,0,67.0
1785760983.764513,40,1,0,0,1,0,0,68.0
1785760983.779338,40,1,0,0,1,0,0,68.0
1785760983.794868,40,1,0,0,1,0,0,68.0
1785760983.809849,40,1,0,0,1,0,0,68.0
1785760983.824574,40,1,0,0,1,0,0,68.0
1785760983.839778,40,1,0,0,1,0,0,68.0
1785760983.854237,40,1,0,0,1,0,0,68.0
1785760983.869185,40,1,0,0,1,0,0,68.0
1785760983.883967,40,1,0,0,1,0,0,68.0
1785760983.899193,40,1,0,0,1,0,0,68.0
1785760983.915156,40,1,0,0,1,0,0,68.0
1785760983.930273,40,1,0,0,1,0,0,68.0
1785760983.946097,40,1,0,0,1,0,0,68.0
1785760983.961604,40,1,0,0,1,0,0,68.0
1785760983.977398,40,1,0,0,1,0,0,68.0
1785760983.992820,40,1,0,0,1,0,0,68.0
1785760984.008692,40,1,0,0,1,0,0,68.0
1785760984.023500,40,1,0,0,1,0,0,68.0
1785760984.038615,40,1,0,0,1,0,0,68.0
1785760984.053551,40,1,0,0,1,0,0,68.0
1785760984.068212,40,1,0,0,1,0,0,68.0
1785760984.083353,40,1,0,0,1,0,0,68.0
1785760984.098608,40,1,0,0,1,0,0,68.0
1785760984.119705,40,1,0,0,1,0,0,67.0
1785760984.126418,40,1,0,0,1,0,0,68.0
1785760984.130230,40,1,0,0,1,0,0,69.0
1785760984.144980,40,1,0,0,1,0,0,69.0
1785760984.159897,40,1,0,0,1,0,0,69.0
1785760984.175238,40,1,0,0,1,0,0,69.0
1785760984.190201,40,1,0,0,1,0,0,69.0
1785760984.205313,40,1,0,0,1,0,0,69.0
1785760984.220491,40,1,0,0,1,0,0,69.0
1785760984.236025,40,1,0,0,1,0,0,69.0
1785760984.250608,40,1,0,0,1,0,0,69.0
1785760984.266151,40,1,0,0,1,0,0,69.0
1785760984.280751,40,1,0,0,1,0,0,69.0
1785760984.295567,40,1,0,0,1,0,0,69.0
1785760984.309732,40,1,0,0,1,0,0,69.0
1785760984.324841,40,1,0,0,1,0,0,69.0
1785760984.339932,40,1,0,0,1,0,0,69.0
1785760984.355775,40,1,0,0,1,0,0,69.0
1785760984.370845,40,1,0,0,1,0,0,69.0
1785760984.386602,40,1,0,0,1,0,0,69.0
1785760984.401235,40,1,0,0,1,0,0,69.0
1785760984.415897,40,1,0,0,1,0,0,69.0
1785760984.430944,40,1,0,0,1,0,0,69.0
1785760984.446125,40,1,0,0,1,0,0,69.0
1785760984.461048,40,1,0,0,1,0,0,69.0
1785760984.476931,40,1,0,0,1,0,0,69.0
1785760984.492352,40,1,0,0,1,0,0,69.0
1785760984.507713,40,1,0,0,1,0,0,69.0
1785760984.522839,40,1,0,0,1,0,0,69.0
1785760984.538936,40,1,0,0,1,0,0,69.0
1785760984.554803,40,1,0,0,1,0,0,68.0
1785760984.570241,40,1,0,0,1,0,0,68.0
1785760984.584900,40,1,0,0,1,0,0,68.0
1785760984.613041,40,1,0,0,1,0,0,68.0
1785760984.614250,40,1,0,0,1,0,0,68.0
1785760984.631542,40,1,0,0,1,0,0,68.0
1785760984.646229,40,1,0,0,1,0,0,68.0
1785760984.661685,40,1,0,0,1,0,0,68.0
1785760984.676866,40,1,0,0,1,0,0,67.0
1785760984.691736,40,1,0,0,1,0,0,67.0
1785760984.707465,40,1,0,0,1,0,0,67.0
1785760984.722715,40,1,0,0,1,0,0,67.0
1785760984.738404,40,1,0,0,1,0,0,67.0
1785760984.753478,40,1,0,0,1,0,0,67.0
1785760984.768182,40,1,0,0,1,0,0,67.0
1785760984.783512,40,1,0,0,1,0,0,67.0
1785760984.798515,40,1,0,0,1,0,0,67.0
1785760984.812769,40,1,0,0,1,0,0,67.0
1785760984.828376,40,1,0,0,1,0,0,67.0
1785760984.843274,40,1,0,0,1,0,0,67.0
1785760984.858438,40,1,0,0,1,0,0,67.0
1785760984.873283,40,1,0,0,1,0,0,67.0
1785760984.888378,40,1,0,0,1,0,0,67.0
1785760984.903217,40,1,0,0,1,0,0,67.0
1785760984.918313,40,1,0,0,1,0,0,67.0
1785760984.933845,40,1,0,0,1,0,0,67.0
1785760984.948611,40,1,0,0,1,0,0,67.0
1785760984.963420,40,1,0,0,1,0,0,67.0
1785760984.978762,40,1,0,0,1,0,0,67.0
1785760984.993438,40,1,0,0,1,0,0,67.0
1785760985.008584,40,1,0,0,1,0,0,68.0
1785760985.023602,40,1,0,0,1,0,0,67.0
1785760985.038741,40,1,0,0,1,0,0,67.0
1785760985.053802,40,1,0,0,1,0,0,67.0
1785760985.068804,40,1,0,0,1,0,0,67.0
1785760985.083941,40,1,0,0,1,0,0,67.0
1785760985.098365,40,1,0,0,1,0,0,68.0
1785760985.113540,40,1,0,0,1,0,0,68.0
1785760985.128771,40,1,0,0,1,0,0,67.0
1785760985.129015,40,1,0,0,1,0,0,68.0
1785760985.143972,40,1,0,0,1,0,0,68.0
1785760985.158408,40,1,0,0,1,0,0,68.0
1785760985.173587,40,1,0,0,1,0,0,68.0
1785760985.188834,40,1,0,0,1,0,0,68.0
1785760985.204085,40,1,0,0,1,0,0,68.0
1785760985.218012,40,1,0,0,1,0,0,68.0
1785760985.233809,40,1,0,0,1,0,0,68.0
1785760985.248990,40,1,0,0,1,0,0,68.0
1785760985.263699,40,1,0,0,1,0,0,68.0
1785760985.279062,40,1,0,0,1,0,0,68.0
1785760985.294121,40,1,0,0,1,0,0,68.0
1785760985.309926,40,1,0,0,1,0,0,67.0
1785760985.324966,40,1,0,0,1,0,0,67.0
1785760985.340201,40,1,0,0,1,0,0,67.0
1785760985.356100,40,1,0,0,1,0,0,67.0
1785760985.371138,40,1,0,0,1,0,0,67.0
1785760985.386170,40,1,0,0,1,0,0,68.0
1785760985.401611,40,1,0,0,1,0,0,67.0
1785760985.402151,40,1,0,0,1,0,0,68.0
1785760985.418736,40,1,0,0,1,0,0,68.0
1785760985.432707,40,1,0,0,1,0,0,68.0
1785760985.447966,40,1,0,0,1,0,0,68.0
1785760985.462992,40,1,0,0,1,0,0,68.0
1785760985.477988,40,1,0,0,1,0,0,68.0
1785760985.493110,40,1,0,0,1,0,0,68.0
1785760985.508998,40,1,0,0,1,0,0,68.0
1785760985.524440,40,1,0,0,1,0,0,68.0
1785760985.539930,40,1,0,0,1,0,0,68.0
1785760985.555784,40,1,0,0,1,0,0,68.0
1785760985.570929,40,1,0,0,1,0,0,68.0
1785760985.586972,40,1,0,0,1,0,0,68.0
1785760985.602291,40,1,0,0,1,0,0,69.0
1785760985.617826,40,1,0,0,1,0,0,68.0
1785760985.632858,40,1,0,0,1,0,0,68.0
1785760985.648001,40,1,0,0,1,0,0,68.0
1785760985.662781,40,1,0,0,1,0,0,68.0
1785760985.678182,40,1,0,0,1,0,0,68.0
1785760985.694090,40,1,0,0,1,0,0,68.0
1785760985.709992,40,1,0,0,1,0,0,68.0
1785760985.725941,40,1,0,0,1,0,0,68.0
1785760985.741059,40,1,0,0,1,0,0,68.0
1785760985.756190,40,1,0,0,1,0,0,68.0
1785760985.771173,40,1,0,0,1,0,0,68.0
1785760985.787199,40,1,0,0,1,0,0,68.0
1785760985.802855,40,1,0,0,1,0,0,68.0
1785760985.817635,40,1,0,0,1,0,0,68.0
1785760985.832903,40,1,0,0,1,0,0,68.0
1785760985.848012,40,1,0,0,1,0,0,68.0
1785760985.863058,40,1,0,0,1,0,0,68.0
1785760985.878828,40,1,0,0,1,0,0,68.0
1785760985.893937,40,1,0,0,1,0,0,68.0
1785760985.909838,40,1,0,0,1,0,0,68.0
1785760985.925018,40,1,0,0,1,0,0,68.0
1785760985.939724,40,1,0,0,1,0,0,68.0
1785760985.954748,40,1,0,0,1,0,0,68.0
1785760985.969888,40,1,0,0,1,0,0,68.0
1785760985.984748,40,1,0,0,1,0,0,68.0
1785760986.000067,40,1,0,0,1,0,0,68.0
1785760986.014635,40,1,0,0,1,0,0,68.0
1785760986.029875,40,1,0,0,1,0,0,68.0
1785760986.045266,40,1,0,0,1,0,0,68.0
1785760986.059790,40,1,0,0,1,0,0,68.0
1785760986.075608,40,1,0,0,1,0,0,68.0
1785760986.075920,40,1,0,0,1,0,0,69.0
1785760986.090999,40,1,0,0,1,0,0,69.0
1785760986.106801,40,1,0,0,1,0,0,69.0
1785760986.122176,40,1,0,0,1,0,0,69.0
1785760986.138678,40,1,0,0,1,0,0,68.0
1785760986.153183,40,1,0,0,1,0,0,68.0
1785760986.168963,40,1,0,0,1,0,0,68.0
1785760986.183689,40,1,0,0,1,0,0,68.0
1785760986.183946,40,1,0,0,1,0,0,69.0
1785760986.198407,40,1,0,0,1,0,0,69.0
1785760986.214155,40,1,0,0,1,0,0,69.0
1785760986.229236,40,1,0,0,1,0,0,69.0
1785760986.244152,40,1,0,0,1,0,0,69.0
1785760986.259295,40,1,0,0,1,0,0,69.0
1785760986.274557,40,1,0,0,1,0,0,69.0
1785760986.289072,40,1,0,0,1,0,0,69.0
1785760986.304892,40,1,0,0,1,0,0,69.0
1785760986.320673,40,1,0,0,1,0,0,69.0
1785760986.335190,40,1,0,0,1,0,0,69.0
1785760986.350286,40,1,0,0,1,0,0,69.0
1785760986.365163,40,1,0,0,1,0,0,69.0
1785760986.380296,40,1,0,0,1,0,0,69.0
1785760986.395365,40,1,0,0,1,0,0,69.0
1785760986.410552,40,1,0,0,1,0,0,68.0
1785760986.425898,40,1,0,0,1,0,0,68.0
1785760986.440920,40,1,0,0,1,0,0,68.0
1785760986.455821,40,1,0,0,1,0,0,68.0
1785760986.470997,40,1,0,0,1,0,0,68.0
1785760986.486794,40,1,0,0,1,0,0,68.0
1785760986.501754,40,1,0,0,1,0,0,68.0
1785760986.517319,40,1,0,0,1,0,0,68.0
1785760986.532257,40,1,0,0,1,0,0,68.0
1785760986.547560,40,1,0,0,1,0,0,68.0
1785760986.563603,40,1,0,0,1,0,0,68.0
1785760986.578549,40,1,0,0,1,0,0,68.0
1785760986.593153,40,1,0,0,1,0,0,68.0
1785760986.608016,40,1,0,0,1,0,0,68.0
1785760986.623445,40,1,0,0,1,0,0,68.0
1785760986.638545,40,1,0,0,1,0,0,68.0
1785760986.653986,40,1,0,0,1,0,0,68.0
1785760986.669306,40,1,0,0,1,0,0,68.0
1785760986.684170,40,1,0,0,1,0,0,68.0
1785760986.699430,40,1,0,0,1,0,0,68.0
1785760986.714231,40,1,0,0,1,0,0,68.0
1785760986.729371,40,1,0,0,1,0,0,68.0
1785760986.744399,40,1,0,0,1,0,0,68.0
1785760986.759724,40,1,0,0,1,0,0,68.0
1785760986.774466,40,1,0,0,1,0,0,68.0
1785760986.789430,40,1,0,0,1,0,0,68.0
1785760986.804462,40,1,0,0,1,0,0,68.0
1785760986.819197,40,1,0,0,1,0,0,68.0
1785760986.834398,40,1,0,0,1,0,0,68.0
1785760986.849787,40,1,0,0,1,0,0,68.0
1785760986.864884,40,1,0,0,1,0,0,68.0
1785760986.880395,40,1,0,0,1,0,0,68.0
1785760986.894901,40,1,0,0,1,0,0,68.0
1785760986.909732,40,1,0,0,1,0,0,69.0
1785760986.924942,40,1,0,0,1,0,0,69.0
1785760986.939594,40,1,0,0,1,0,0,69.0
1785760986.954505,40,1,0,0,1,0,0,69.0
1785760986.969062,40,1,0,0,1,0,0,69.0
1785760986.983686,40,1,0,0,1,0,0,69.0
1785760986.999043,40,1,0,0,1,0,0,69.0
1785760987.014132,40,1,0,0,1,0,0,69.0
1785760987.028993,40,1,0,0,1,0,0,69.0
1785760987.044226,40,1,0,0,1,0,0,69.0
1785760987.059279,40,1,0,0,1,0,0,69.0
1785760987.074508,40,1,0,0,1,0,0,69.0
1785760987.089802,40,1,0,0,1,0,0,68.0
1785760987.104620,40,1,0,0,1,0,0,68.0
1785760987.119240,40,1,0,0,1,0,0,68.0
1785760987.134821,40,1,0,0,1,0,0,68.0
1785760987.149377,40,1,0,0,1,0,0,68.0
1785760987.150094,40,1,0,0,1,0,0,69.0
1785760987.164715,40,1,0,0,1,0,0,69.0
1785760987.179791,40,1,0,0,1,0,0,69.0
1785760987.194714,40,1,0,0,1,0,0,68.0
1785760987.209589,40,1,0,0,1,0,0,68.0
1785760987.224552,40,1,0,0,1,0,0,68.0
1785760987.239594,40,1,0,0,1,0,0,68.0
1785760987.254795,40,1,0,0,1,0,0,68.0
1785760987.269485,40,1,0,0,1,0,0,68.0
1785760987.283733,40,1,0,0,1,0,0,68.0
1785760987.299288,40,1,0,0,1,0,0,68.0
1785760987.314358,40,1,0,0,1,0,0,68.0
1785760987.329108,40,1,0,0,1,0,0,68.0
1785760987.344431,40,1,0,0,1,0,0,68.0
1785760987.360148,40,1,0,0,1,0,0,68.0
1785760987.376087,40,1,0,0,1,0,0,68.0
1785760987.390742,40,1,0,0,1,0,0,68.0
1785760987.405619,40,1,0,0,1,0,0,68.0
1785760987.406101,40,1,0,0,1,0,0,69.0
1785760987.420375,40,1,0,0,1,0,0,69.0
1785760987.435134,40,1,0,0,1,0,0,69.0
1785760987.450380,40,1,0,0,1,0,0,69.0
1785760987.465067,40,1,0,0,1,0,0,69.0
1785760987.480597,40,1,0,0,1,0,0,69.0
1785760987.496334,40,1,0,0,1,0,0,69.0
1785760987.512005,40,1,0,0,1,0,0,69.0
1785760987.527106,40,1,0,0,1,0,0,69.0
1785760987.542152,40,1,0,0,1,0,0,69.0
1785760987.557456,40,1,0,0,1,0,0,69.0
1785760987.573548,40,1,0,0,1,0,0,69.0
1785760987.588449,40,1,0,0,1,0,0,69.0
1785760987.603620,40,1,0,0,1,0,0,69.0
1785760987.619434,40,1,0,0,1,0,0,69.0
1785760987.634210,40,1,0,0,1,0,0,69.0
1785760987.649809,40,1,0,0,1,0,0,69.0
1785760987.664795,40,1,0,0,1,0,0,69.0
1785760987.679356,40,1,0,0,1,0,0,69.0
1785760987.694411,40,1,0,0,1,0,0,69.0
1785760987.710222,40,1,0,0,1,0,0,69.0
1785760987.726410,40,1,0,0,1,0,0,69.0
1785760987.741115,40,1,0,0,1,0,0,69.0
1785760987.756716,40,1,0,0,1,0,0,69.0
1785760987.771874,40,1,0,0,1,0,0,69.0
1785760987.787412,40,1,0,0,1,0,0,69.0
1785760987.802549,40,1,0,0,1,0,0,69.0
1785760987.818339,40,1,0,0,1,0,0,69.0
1785760987.833000,40,1,0,0,1,0,0,69.0
1785760987.848364,40,1,0,0,1,0,0,69.0
1785760987.863393,40,1,0,0,1,0,0,69.0
1785760987.879097,40,1,0,0,1,0,0,69.0
1785760987.894928,40,1,0,0,1,0,0,68.0
1785760987.909368,40,1,0,0,1,0,0,69.0
1785760987.924711,40,1,0,0,1,0,0,69.0
1785760987.939811,40,1,0,0,1,0,0,68.0
1785760987.954946,40,1,0,0,1,0,0,68.0
1785760987.969531,40,1,0,0,1,0,0,68.0
1785760987.983891,40,1,0,0,1,0,0,68.0
1785760987.999256,40,1,0,0,1,0,0,68.0
1785760988.014059,40,1,0,0,1,0,0,69.0
1785760988.029737,40,1,0,0,1,0,0,68.0
1785760988.044789,40,1,0,0,1,0,0,68.0
1785760988.059861,40,1,0,0,1,0,0,68.0
1785760988.074784,40,1,0,0,1,0,0,68.0
1785760988.089747,40,1,0,0,1,0,0,69.0
1785760988.104492,40,1,0,0,1,0,0,69.0
1785760988.119481,40,1,0,0,1,0,0,68.0
1785760988.134403,40,1,0,0,1,0,0,69.0
1785760988.149347,40,1,0,0,1,0,0,69.0
1785760988.164495,40,1,0,0,1,0,0,68.0
1785760988.180132,40,1,0,0,1,0,0,67.0
1785760988.195330,40,1,0,0,1,0,0,67.0
1785760988.210487,40,1,0,0,1,0,0,67.0
1785760988.225526,40,1,0,0,1,0,0,67.0
1785760988.240705,40,1,0,0,1,0,0,67.0
1785760988.256343,40,1,0,0,1,0,0,67.0
1785760988.271160,40,1,0,0,1,0,0,67.0
1785760988.286157,40,1,0,0,1,0,0,67.0
1785760988.301040,40,1,0,0,1,0,0,67.0
1785760988.315791,40,1,0,0,1,0,0,67.0
1785760988.330693,40,1,0,0,1,0,0,67.0
1785760988.345799,40,1,0,0,1,0,0,67.0
1785760988.360578,40,1,0,0,1,0,0,67.0
1785760988.375632,40,1,0,0,1,0,0,68.0
1785760988.390805,40,1,0,0,1,0,0,67.0
1785760988.391131,40,1,0,0,1,0,0,68.0
1785760988.406167,40,1,0,0,1,0,0,67.0
1785760988.421150,40,1,0,0,1,0,0,67.0
1785760988.437147,40,1,0,0,1,0,0,67.0
1785760988.452599,40,1,0,0,1,0,0,67.0
1785760988.467387,40,1,0,0,1,0,0,67.0
1785760988.483160,40,1,0,0,1,0,0,67.0
1785760988.497772,40,1,0,0,1,0,0,67.0
1785760988.512870,40,1,0,0,1,0,0,67.0
1785760988.527626,40,1,0,0,1,0,0,67.0
1785760988.543503,40,1,0,0,1,0,0,67.0
1785760988.558803,40,1,0,0,1,0,0,67.0
1785760988.574829,40,1,0,0,1,0,0,67.0
1785760988.589777,40,1,0,0,1,0,0,67.0
1785760988.604896,40,1,0,0,1,0,0,67.0
1785760988.620913,40,1,0,0,1,0,0,67.0
1785760988.636305,40,1,0,0,1,0,0,67.0
1785760988.650866,40,1,0,0,1,0,0,67.0
1785760988.665767,40,1,0,0,1,0,0,67.0
1785760988.681179,40,1,0,0,1,0,0,67.0
1785760988.696812,40,1,0,0,1,0,0,67.0
1785760988.712466,40,1,0,0,1,0,0,67.0
1785760988.727367,40,1,0,0,1,0,0,67.0
1785760988.742827,40,1,0,0,1,0,0,67.0
1785760988.758429,40,1,0,0,1,0,0,67.0
1785760988.772936,40,1,0,0,1,0,0,67.0
1785760988.787994,40,1,0,0,1,0,0,67.0
1785760988.803188,40,1,0,0,1,0,0,67.0
1785760988.818718,40,1,0,0,1,0,0,67.0
1785760988.833711,40,1,0,0,1,0,0,67.0
1785760988.849235,40,1,0,0,1,0,0,67.0
1785760988.864413,40,1,0,0,1,0,0,67.0
1785760988.879258,40,1,0,0,1,0,0,67.0
1785760988.893731,40,1,0,0,1,0,0,68.0
1785760988.908880,40,1,0,0,1,0,0,68.0
1785760988.909077,40,1,0,0,1,0,0,69.0
1785760988.923492,40,1,0,0,1,0,0,69.0
1785760988.938245,40,1,0,0,1,0,0,69.0
1785760988.953440,40,1,0,0,1,0,0,69.0
1785760988.968426,40,1,0,0,1,0,0,69.0
1785760988.983823,40,1,0,0,1,0,0,69.0
1785760988.998834,40,1,0,0,1,0,0,69.0
1785760989.014457,40,1,0,0,1,0,0,68.0
1785760989.029557,40,1,0,0,1,0,0,69.0
1785760989.044725,40,1,0,0,1,0,0,69.0
1785760989.059969,40,1,0,0,1,0,0,68.0
1785760989.075047,40,1,0,0,1,0,0,68.0
1785760989.089466,40,1,0,0,1,0,0,69.0
1785760989.104920,40,1,0,0,1,0,0,68.0
1785760989.120127,40,1,0,0,1,0,0,68.0
1785760989.135710,40,1,0,0,1,0,0,68.0
1785760989.150315,40,1,0,0,1,0,0,68.0
1785760989.164973,40,1,0,0,1,0,0,68.0
1785760989.180005,40,1,0,0,1,0,0,69.0
1785760989.195387,40,1,0,0,1,0,0,68.0
1785760989.210897,40,1,0,0,1,0,0,68.0
1785760989.226908,40,1,0,0,1,0,0,68.0
1785760989.242391,40,1,0,0,1,0,0,68.0
1785760989.242948,40,1,0,0,1,0,0,69.0
1785760989.257050,40,1,0,0,1,0,0,69.0
1785760989.272012,40,1,0,0,1,0,0,69.0
1785760989.286910,40,1,0,0,1,0,0,69.0
1785760989.302177,40,1,0,0,1,0,0,69.0
1785760989.316977,40,1,0,0,1,0,0,69.0
1785760989.332050,40,1,0,0,1,0,0,69.0
1785760989.347140,40,1,0,0,1,0,0,69.0
1785760989.362820,40,1,0,0,1,0,0,69.0
1785760989.377501,40,1,0,0,1,0,0,69.0
1785760989.377978,40,1,0,0,1,0,0,70.0
1785760989.392751,40,1,0,0,1,0,0,69.0
1785760989.392895,40,1,0,0,1,0,0,70.0
1785760989.407426,40,1,0,0,1,0,0,70.0
1785760989.422374,40,1,0,0,1,0,0,70.0
1785760989.437195,40,1,0,0,1,0,0,70.0
1785760989.452318,40,1,0,0,1,0,0,71.0
1785760989.466964,40,1,0,0,1,0,0,71.0
1785760989.481596,40,1,0,0,1,0,0,71.0
1785760989.496392,40,1,0,0,1,0,0,71.0
1785760989.511768,40,1,0,0,1,0,0,71.0
1785760989.526940,40,1,0,0,1,0,0,71.0
1785760989.542439,40,1,0,0,1,0,0,71.0
1785760989.557561,40,1,0,0,1,0,0,71.0
1785760989.572387,40,1,0,0,1,0,0,71.0
1785760989.587147,40,1,0,0,1,0,0,71.0
1785760989.602363,40,1,0,0,1,0,0,71.0
1785760989.616991,40,1,0,0,1,0,0,71.0
1785760989.631698,40,1,0,0,1,0,0,71.0
1785760989.646991,40,1,0,0,1,0,0,71.0
1785760989.661825,40,1,0,0,1,0,0,71.0
1785760989.676992,40,1,0,0,1,0,0,71.0
1785760989.692511,40,1,0,0,1,0,0,71.0
1785760989.708022,40,1,0,0,1,0,0,71.0
1785760989.723553,40,1,0,0,1,0,0,71.0
1785760989.738258,40,1,0,0,1,0,0,71.0
1785760989.753346,40,1,0,0,1,0,0,71.0
1785760989.768047,40,1,0,0,1,0,0,71.0
1785760989.783113,40,1,0,0,1,0,0,71.0
1785760989.797988,40,1,0,0,1,0,0,71.0
1785760989.812933,40,1,0,0,1,0,0,71.0
1785760989.828333,40,1,0,0,1,0,0,71.0
1785760989.843153,40,1,0,0,1,0,0,71.0
1785760989.859344,40,1,0,0,1,0,0,71.0
1785760989.874457,40,1,0,0,1,0,0,71.0
1785760989.889461,40,1,0,0,1,0,0,71.0
1785760989.904836,40,1,0,0,1,0,0,71.0
1785760989.920616,40,1,0,0,1,0,0,70.0
1785760989.935678,40,1,0,0,1,0,0,70.0
1785760989.950317,40,1,0,0,1,0,0,70.0
1785760989.964974,40,1,0,0,1,0,0,70.0
1785760989.980289,40,1,0,0,1,0,0,70.0
1785760989.995206,40,1,0,0,1,0,0,70.0
1785760990.009780,40,1,0,0,1,0,0,70.0
1785760990.025190,40,1,0,0,1,0,0,70.0
1785760990.039962,40,1,0,0,1,0,0,70.0
1785760990.055848,40,1,0,0,1,0,0,70.0
1785760990.070535,40,1,0,0,1,0,0,70.0
1785760990.085715,40,1,0,0,1,0,0,70.0
1785760990.100279,40,1,0,0,1,0,0,70.0
1785760990.115700,40,1,0,0,1,0,0,70.0
1785760990.130992,40,1,0,0,1,0,0,70.0
1785760990.147372,40,1,0,0,1,0,0,70.0
1785760990.162249,40,1,0,0,1,0,0,70.0
1785760990.177005,40,1,0,0,1,0,0,70.0
1785760990.192708,40,1,0,0,1,0,0,70.0
1785760990.212706,40,1,0,0,1,0,0,69.0
1785760990.224682,40,1,0,0,1,0,0,70.0
1785760990.237676,40,1,0,0,1,0,0,70.0
1785760990.252716,40,1,0,0,1,0,0,69.0
1785760990.269702,40,1,0,0,1,0,0,69.0
1785760990.284680,40,1,0,0,1,0,0,69.0
1785760990.298162,40,1,0,0,1,0,0,69.0
1785760990.312994,40,1,0,0,1,0,0,69.0
1785760990.327976,40,1,0,0,1,0,0,69.0
1785760990.343112,40,1,0,0,1,0,0,69.0
1785760990.357967,40,1,0,0,1,0,0,69.0
1785760990.373483,40,1,0,0,1,0,0,69.0
1785760990.388222,40,1,0,0,1,0,0,68.0
1785760990.403700,40,1,0,0,1,0,0,67.0
1785760990.418693,40,1,0,0,1,0,0,67.0
1785760990.433612,40,1,0,0,1,0,0,67.0
1785760990.448997,40,1,0,0,1,0,0,67.0
1785760990.464564,40,1,0,0,1,0,0,67.0
1785760990.481035,40,1,0,0,1,0,0,67.0
1785760990.495108,40,1,0,0,1,0,0,67.0
1785760990.509763,40,1,0,0,1,0,0,67.0
1785760990.524978,40,1,0,0,1,0,0,67.0
1785760990.541024,40,1,0,0,1,0,0,67.0
1785760990.555903,40,1,0,0,1,0,0,67.0
1785760990.571010,40,1,0,0,1,0,0,67.0
1785760990.586269,40,1,0,0,1,0,0,67.0
1785760990.601257,40,1,0,0,1,0,0,67.0
1785760990.616079,40,1,0,0,1,0,0,67.0
1785760990.631183,40,1,0,0,1,0,0,67.0
1785760990.647203,40,1,0,0,1,0,0,66.0
1785760990.661968,40,1,0,0,1,0,0,66.0
1785760990.677117,40,1,0,0,1,0,0,66.0
1785760990.692146,40,1,0,0,1,0,0,67.0
1785760990.707729,40,1,0,0,1,0,0,67.0
1785760990.708190,40,1,0,0,1,0,0,67.0
1785760990.723058,40,1,0,0,1,0,0,68.0
1785760990.738077,40,1,0,0,1,0,0,68.0
1785760990.753575,40,1,0,0,1,0,0,67.0
1785760990.768956,40,1,0,0,1,0,0,67.0
1785760990.783680,40,1,0,0,1,0,0,67.0
1785760990.799027,40,1,0,0,1,0,0,67.0
1785760990.814551,40,1,0,0,1,0,0,67.0
1785760990.830546,40,1,0,0,1,0,0,67.0
1785760990.846122,40,1,0,0,1,0,0,67.0
1785760990.860765,40,1,0,0,1,0,0,67.0
1785760990.875932,40,1,0,0,1,0,0,67.0
1785760990.891023,40,1,0,0,1,0,0,67.0
1785760990.906564,40,1,0,0,1,0,0,67.0
1785760990.921568,40,1,0,0,1,0,0,67.0
1785760990.937193,40,1,0,0,1,0,0,67.0
1785760990.952554,40,1,0,0,1,0,0,67.0
1785760990.967533,40,1,0,0,1,0,0,67.0
1785760990.982527,40,1,0,0,1,0,0,67.0
1785760990.998072,40,1,0,0,1,0,0,67.0
1785760991.013548,40,1,0,0,1,0,0,67.0
1785760991.029089,40,1,0,0,1,0,0,67.0
1785760991.044061,40,1,0,0,1,0,0,67.0
1785760991.058725,40,1,0,0,1,0,0,67.0
1785760991.073538,40,1,0,0,1,0,0,67.0
1785760991.089405,40,1,0,0,1,0,0,67.0
1785760991.104774,40,1,0,0,1,0,0,67.0
1785760991.119570,40,1,0,0,1,0,0,67.0
1785760991.134633,40,1,0,0,1,0,0,67.0
1785760991.150014,40,1,0,0,1,0,0,67.0
1785760991.164720,40,1,0,0,1,0,0,67.0
1785760991.179549,40,1,0,0,1,0,0,67.0
1785760991.195089,40,1,0,0,1,0,0,67.0
1785760991.209779,40,1,0,0,1,0,0,68.0
1785760991.225412,40,1,0,0,1,0,0,67.0
1785760991.240910,40,1,0,0,1,0,0,67.0
1785760991.256026,40,1,0,0,1,0,0,67.0
1785760991.270692,40,1,0,0,1,0,0,67.0
1785760991.285913,40,1,0,0,1,0,0,67.0
1785760991.300913,40,1,0,0,1,0,0,67.0
1785760991.315962,40,1,0,0,1,0,0,67.0
1785760991.331149,40,1,0,0,1,0,0,67.0
1785760991.346181,40,1,0,0,1,0,0,67.0
1785760991.361348,40,1,0,0,1,0,0,67.0
1785760991.377192,40,1,0,0,1,0,0,67.0
1785760991.393303,40,1,0,0,1,0,0,67.0
1785760991.408205,40,1,0,0,1,0,0,67.0
1785760991.423416,40,1,0,0,1,0,0,67.0
1785760991.438452,40,1,0,0,1,0,0,67.0
1785760991.453768,40,1,0,0,1,0,0,67.0
1785760991.469808,40,1,0,0,1,0,0,67.0
1785760991.484749,40,1,0,0,1,0,0,67.0
1785760991.499571,40,1,0,0,1,0,0,67.0
1785760991.514843,40,1,0,0,1,0,0,67.0
1785760991.529630,40,1,0,0,1,0,0,67.0
1785760991.544794,40,1,0,0,1,0,0,67.0
1785760991.559592,40,1,0,0,1,0,0,67.0
1785760991.574381,40,1,0,0,1,0,0,67.0
1785760991.589732,40,1,0,0,1,0,0,67.0
1785760991.604475,40,1,0,0,1,0,0,67.0
1785760991.619779,40,1,0,0,1,0,0,67.0
1785760991.634403,40,1,0,0,1,0,0,67.0
1785760991.649256,40,1,0,0,1,0,0,67.0
1785760991.664547,40,1,0,0,1,0,0,67.0
1785760991.679602,40,1,0,0,1,0,0,67.0
1785760991.694762,40,1,0,0,1,0,0,67.0
1785760991.709571,40,1,0,0,1,0,0,66.0
1785760991.724844,40,1,0,0,1,0,0,66.0
1785760991.739729,40,1,0,0,1,0,0,66.0
1785760991.755497,40,1,0,0,1,0,0,66.0
1785760991.770340,40,1,0,0,1,0,0,66.0
1785760991.785406,40,1,0,0,1,0,0,66.0
1785760991.800019,40,1,0,0,1,0,0,66.0
1785760991.814832,40,1,0,0,1,0,0,66.0
1785760991.829504,40,1,0,0,1,0,0,67.0
1785760991.844804,40,1,0,0,1,0,0,67.0
1785760991.859676,40,1,0,0,1,0,0,67.0
1785760991.874526,40,1,0,0,1,0,0,67.0
1785760991.889683,40,1,0,0,1,0,0,67.0
1785760991.904514,40,1,0,0,1,0,0,67.0
1785760991.919418,40,1,0,0,1,0,0,67.0
1785760991.933668,40,1,0,0,1,0,0,67.0
1785760991.948585,40,1,0,0,1,0,0,67.0
1785760991.963793,40,1,0,0,1,0,0,67.0
1785760991.979001,40,1,0,0,1,0,0,67.0
1785760991.994136,40,1,0,0,1,0,0,67.0
1785760992.009784,40,1,0,0,1,0,0,67.0
1785760992.025826,40,1,0,0,1,0,0,67.0
1785760992.040971,40,1,0,0,1,0,0,67.0
1785760992.055931,40,1,0,0,1,0,0,67.0
1785760992.071295,40,1,0,0,1,0,0,67.0
1785760992.087226,40,1,0,0,1,0,0,67.0
1785760992.102340,40,1,0,0,1,0,0,67.0
1785760992.102961,40,1,0,0,1,0,0,68.0
1785760992.117014,40,1,0,0,1,0,0,68.0
1785760992.132064,40,1,0,0,1,0,0,68.0
1785760992.147114,40,1,0,0,1,0,0,68.0
1785760992.162712,40,1,0,0,1,0,0,68.0
1785760992.178007,40,1,0,0,1,0,0,68.0
1785760992.193136,40,1,0,0,1,0,0,68.0
1785760992.207803,40,1,0,0,1,0,0,68.0
1785760992.222537,40,1,0,0,1,0,0,68.0
1785760992.237164,40,1,0,0,1,0,0,68.0
1785760992.252303,40,1,0,0,1,0,0,68.0
1785760992.266991,40,1,0,0,1,0,0,68.0
1785760992.281752,40,1,0,0,1,0,0,68.0
1785760992.297169,40,1,0,0,1,0,0,68.0
1785760992.312316,40,1,0,0,1,0,0,68.0
1785760992.326949,40,1,0,0,1,0,0,68.0
1785760992.341950,40,1,0,0,1,0,0,68.0
1785760992.357292,40,1,0,0,1,0,0,68.0
1785760992.372006,40,1,0,0,1,0,0,68.0
1785760992.386746,40,1,0,0,1,0,0,68.0
1785760992.402374,40,1,0,0,1,0,0,68.0
1785760992.417955,40,1,0,0,1,0,0,68.0
1785760992.432690,40,1,0,0,1,0,0,68.0
1785760992.448158,40,1,0,0,1,0,0,68.0
1785760992.462628,40,1,0,0,1,0,0,68.0
1785760992.477973,40,1,0,0,1,0,0,68.0
1785760992.493173,40,1,0,0,1,0,0,68.0
1785760992.509309,40,1,0,0,1,0,0,68.0
1785760992.524331,40,1,0,0,1,0,0,68.0
1785760992.539453,40,1,0,0,1,0,0,68.0
1785760992.554555,40,1,0,0,1,0,0,68.0
1785760992.569792,40,1,0,0,1,0,0,68.0
1785760992.584672,40,1,0,0,1,0,0,68.0
1785760992.599334,40,1,0,0,1,0,0,68.0
1785760992.614999,40,1,0,0,1,0,0,68.0
1785760992.631024,40,1,0,0,1,0,0,68.0
1785760992.646155,40,1,0,0,1,0,0,68.0
1785760992.660793,40,1,0,0,1,0,0,68.0
1785760992.675784,40,1,0,0,1,0,0,68.0
1785760992.690973,40,1,0,0,1,0,0,68.0
1785760992.706158,40,1,0,0,1,0,0,68.0
1785760992.721200,40,1,0,0,1,0,0,68.0
1785760992.736820,40,1,0,0,1,0,0,68.0
1785760992.751824,40,1,0,0,1,0,0,68.0
1785760992.766992,40,1,0,0,1,0,0,68.0
1785760992.781829,40,1,0,0,1,0,0,68.0
1785760992.797800,40,1,0,0,1,0,0,68.0
1785760992.812814,40,1,0,0,1,0,0,68.0
1785760992.828014,40,1,0,0,1,0,0,68.0
1785760992.843133,40,1,0,0,1,0,0,68.0
1785760992.857849,40,1,0,0,1,0,0,68.0
1785760992.872985,40,1,0,0,1,0,0,68.0
1785760992.888194,40,1,0,0,1,0,0,68.0
1785760992.902991,40,1,0,0,1,0,0,68.0
1785760992.917914,40,1,0,0,1,0,0,68.0
1785760992.933036,40,1,0,0,1,0,0,68.0
1785760992.948138,40,1,0,0,1,0,0,68.0
1785760992.962903,40,1,0,0,1,0,0,68.0
1785760992.978083,40,1,0,0,1,0,0,68.0
1785760992.993443,40,1,0,0,1,0,0,68.0
1785760993.008149,40,1,0,0,1,0,0,68.0
1785760993.023165,40,1,0,0,1,0,0,68.0
1785760993.039197,40,1,0,0,1,0,0,68.0
1785760993.054168,40,1,0,0,1,0,0,68.0
1785760993.069625,40,1,0,0,1,0,0,68.0
1785760993.084459,40,1,0,0,1,0,0,68.0
1785760993.099455,40,1,0,0,1,0,0,68.0
1785760993.114450,40,1,0,0,1,0,0,67.0
1785760993.129778,40,1,0,0,1,0,0,67.0
1785760993.144819,40,1,0,0,1,0,0,67.0
1785760993.159333,40,1,0,0,1,0,0,67.0
1785760993.174623,40,1,0,0,1,0,0,67.0
1785760993.189979,40,1,0,0,1,0,0,67.0
1785760993.205549,40,1,0,0,1,0,0,67.0
1785760993.220819,40,1,0,0,1,0,0,67.0
1785760993.235730,40,1,0,0,1,0,0,67.0
1785760993.251106,40,1,0,0,1,0,0,67.0
1785760993.265921,40,1,0,0,1,0,0,67.0
1785760993.280720,40,1,0,0,1,0,0,67.0
1785760993.295800,40,1,0,0,1,0,0,67.0
1785760993.310506,40,1,0,0,1,0,0,67.0
1785760993.325506,40,1,0,0,1,0,0,67.0
1785760993.340367,40,1,0,0,1,0,0,67.0
1785760993.355946,40,1,0,0,1,0,0,67.0
1785760993.370886,40,1,0,0,1,0,0,67.0
1785760993.386536,40,1,0,0,1,0,0,67.0
1785760993.401059,40,1,0,0,1,0,0,67.0
1785760993.415753,40,1,0,0,1,0,0,67.0
1785760993.430787,40,1,0,0,1,0,0,67.0
1785760993.445801,40,1,0,0,1,0,0,67.0
1785760993.460382,40,1,0,0,1,0,0,67.0
1785760993.476055,40,1,0,0,1,0,0,67.0
1785760993.490737,40,1,0,0,1,0,0,67.0
1785760993.506137,40,1,0,0,1,0,0,67.0
1785760993.520607,40,1,0,0,1,0,0,67.0
1785760993.536173,40,1,0,0,1,0,0,67.0
1785760993.551338,40,1,0,0,1,0,0,67.0
1785760993.566704,40,1,0,0,1,0,0,67.0
1785760993.581833,40,1,0,0,1,0,0,67.0
1785760993.596814,40,1,0,0,1,0,0,67.0
1785760993.612941,40,1,0,0,1,0,0,67.0
1785760993.627726,40,1,0,0,1,0,0,67.0
1785760993.643598,40,1,0,0,1,0,0,67.0
1785760993.658635,40,1,0,0,1,0,0,67.0
1785760993.674683,40,1,0,0,1,0,0,67.0
1785760993.690742,40,1,0,0,1,0,0,67.0
1785760993.705760,40,1,0,0,1,0,0,67.0
1785760993.720799,40,1,0,0,1,0,0,67.0
1785760993.735521,40,1,0,0,1,0,0,67.0
1785760993.751070,40,1,0,0,1,0,0,67.0
1785760993.766543,40,1,0,0,1,0,0,67.0
1785760993.781826,40,1,0,0,1,0,0,67.0
1785760993.796780,40,1,0,0,1,0,0,67.0
1785760993.811493,40,1,0,0,1,0,0,67.0
1785760993.826216,40,1,0,0,1,0,0,67.0
1785760993.841803,40,1,0,0,1,0,0,67.0
1785760993.856776,40,1,0,0,1,0,0,67.0
1785760993.871491,40,1,0,0,1,0,0,67.0
1785760993.886512,40,1,0,0,1,0,0,67.0
1785760993.901091,40,1,0,0,1,0,0,67.0
1785760993.916915,40,1,0,0,1,0,0,67.0
1785760993.931687,40,1,0,0,1,0,0,67.0
1785760993.946925,40,1,0,0,1,0,0,67.0
1785760993.961603,40,1,0,0,1,0,0,67.0
1785760993.976266,40,1,0,0,1,0,0,67.0
1785760993.990992,40,1,0,0,1,0,0,67.0
1785760994.006720,40,1,0,0,1,0,0,67.0
1785760994.021880,40,1,0,0,1,0,0,67.0
1785760994.036250,40,1,0,0,1,0,0,67.0
1785760994.051793,40,1,0,0,1,0,0,67.0
1785760994.066819,40,1,0,0,1,0,0,67.0
1785760994.082308,40,1,0,0,1,0,0,67.0
1785760994.096853,40,1,0,0,1,0,0,67.0
1785760994.113041,40,1,0,0,1,0,0,67.0
1785760994.144044,40,1,0,0,1,0,0,66.0
1785760994.159844,40,1,0,0,1,0,0,65.0
1785760994.175360,40,1,0,0,1,0,0,65.0
1785760994.190898,40,1,0,0,1,0,0,65.0
1785760994.206703,40,1,0,0,1,0,0,65.0
1785760994.221600,40,1,0,0,1,0,0,65.0
1785760994.236438,40,1,0,0,1,0,0,65.0
1785760994.251471,40,1,0,0,1,0,0,65.0
1785760994.266992,40,1,0,0,1,0,0,65.0
1785760994.281981,40,1,0,0,1,0,0,65.0
1785760994.296873,40,1,0,0,1,0,0,65.0
1785760994.312474,40,1,0,0,1,0,0,65.0
1785760994.327781,40,1,0,0,1,0,0,65.0
1785760994.343049,40,1,0,0,1,0,0,65.0
1785760994.357781,40,1,0,0,1,0,0,65.0
1785760994.372905,40,1,0,0,1,0,0,65.0
1785760994.388059,40,1,0,0,1,0,0,65.0
1785760994.403213,40,1,0,0,1,0,0,65.0
1785760994.418775,40,1,0,0,1,0,0,65.0
1785760994.433739,40,1,0,0,1,0,0,65.0
1785760994.449043,40,1,0,0,1,0,0,65.0
1785760994.464413,40,1,0,0,1,0,0,65.0
1785760994.480321,40,1,0,0,1,0,0,65.0
1785760994.494855,40,1,0,0,1,0,0,65.0
1785760994.509726,40,1,0,0,1,0,0,65.0
1785760994.524873,40,1,0,0,1,0,0,65.0
1785760994.539954,40,1,0,0,1,0,0,65.0
1785760994.554617,40,1,0,0,1,0,0,65.0
1785760994.569883,40,1,0,0,1,0,0,65.0
1785760994.584493,40,1,0,0,1,0,0,65.0
1785760994.599897,40,1,0,0,1,0,0,65.0
1785760994.614737,40,1,0,0,1,0,0,65.0
1785760994.629855,40,1,0,0,1,0,0,65.0
1785760994.644779,40,1,0,0,1,0,0,65.0
1785760994.660125,40,1,0,0,1,0,0,65.0
1785760994.674797,40,1,0,0,1,0,0,65.0
1785760994.690383,40,1,0,0,1,0,0,66.0
1785760994.705988,40,1,0,0,1,0,0,65.0
1785760994.720763,40,1,0,0,1,0,0,66.0
1785760994.735863,40,1,0,0,1,0,0,65.0
1785760994.751092,40,1,0,0,1,0,0,65.0
1785760994.765773,40,1,0,0,1,0,0,66.0
1785760994.780807,40,1,0,0,1,0,0,66.0
1785760994.795892,40,1,0,0,1,0,0,66.0
1785760994.811613,40,1,0,0,1,0,0,65.0
1785760994.826816,40,1,0,0,1,0,0,65.0
1785760994.841908,40,1,0,0,1,0,0,65.0
1785760994.857885,40,1,0,0,1,0,0,65.0
1785760994.872838,40,1,0,0,1,0,0,65.0
1785760994.888958,40,1,0,0,1,0,0,65.0
1785760994.903822,40,1,0,0,1,0,0,65.0
1785760994.918797,40,1,0,0,1,0,0,65.0
1785760994.933791,40,1,0,0,1,0,0,65.0
1785760994.948878,40,1,0,0,1,0,0,65.0
1785760994.963624,40,1,0,0,1,0,0,65.0
1785760994.978311,40,1,0,0,1,0,0,65.0
1785760994.993815,40,1,0,0,1,0,0,65.0
1785760995.009793,40,1,0,0,1,0,0,65.0
1785760995.024973,40,1,0,0,1,0,0,65.0
1785760995.039937,40,1,0,0,1,0,0,65.0
1785760995.055951,40,1,0,0,1,0,0,65.0
1785760995.070825,40,1,0,0,1,0,0,65.0
1785760995.085818,40,1,0,0,1,0,0,65.0
1785760995.100020,40,1,0,0,1,0,0,65.0
1785760995.115142,40,1,0,0,1,0,0,65.0
1785760995.130378,40,1,0,0,1,0,0,66.0
1785760995.145560,40,1,0,0,1,0,0,66.0
1785760995.160448,40,1,0,0,1,0,0,66.0
1785760995.175792,40,1,0,0,1,0,0,66.0
1785760995.190813,40,1,0,0,1,0,0,67.0
1785760995.206514,40,1,0,0,1,0,0,67.0
1785760995.221461,40,1,0,0,1,0,0,67.0
1785760995.236916,40,1,0,0,1,0,0,66.0
1785760995.252257,40,1,0,0,1,0,0,66.0
1785760995.266778,40,1,0,0,1,0,0,67.0
1785760995.281874,40,1,0,0,1,0,0,67.0
1785760995.297018,40,1,0,0,1,0,0,66.0
1785760995.311412,40,1,0,0,1,0,0,67.0
1785760995.326210,40,1,0,0,1,0,0,67.0
1785760995.340426,40,1,0,0,1,0,0,67.0
1785760995.355525,40,1,0,0,1,0,0,67.0
1785760995.370830,40,1,0,0,1,0,0,67.0
1785760995.385504,40,1,0,0,1,0,0,67.0
1785760995.401050,40,1,0,0,1,0,0,67.0
1785760995.415839,40,1,0,0,1,0,0,67.0
1785760995.430512,40,1,0,0,1,0,0,67.0
1785760995.445798,40,1,0,0,1,0,0,67.0
1785760995.460798,40,1,0,0,1,0,0,67.0
1785760995.475997,40,1,0,0,1,0,0,67.0
1785760995.490777,40,1,0,0,1,0,0,67.0
1785760995.505628,40,1,0,0,1,0,0,67.0
1785760995.521041,40,1,0,0,1,0,0,67.0
1785760995.535804,40,1,0,0,1,0,0,67.0
1785760995.551048,40,1,0,0,1,0,0,67.0
1785760995.565789,40,1,0,0,1,0,0,67.0
1785760995.581047,40,1,0,0,1,0,0,67.0
1785760995.596617,40,1,0,0,1,0,0,67.0
1785760995.611917,40,1,0,0,1,0,0,67.0
1785760995.628178,40,1,0,0,1,0,0,67.0
1785760995.643887,40,1,0,0,1,0,0,67.0
1785760995.659036,40,1,0,0,1,0,0,67.0
1785760995.674811,40,1,0,0,1,0,0,66.0
1785760995.689790,40,1,0,0,1,0,0,67.0
1785760995.704565,40,1,0,0,1,0,0,67.0
1785760995.719716,40,1,0,0,1,0,0,67.0
1785760995.734542,40,1,0,0,1,0,0,67.0
1785760995.749759,40,1,0,0,1,0,0,67.0
1785760995.765363,40,1,0,0,1,0,0,67.0
1785760995.781237,40,1,0,0,1,0,0,66.0
1785760995.796882,40,1,0,0,1,0,0,66.0
1785760995.811992,40,1,0,0,1,0,0,66.0
1785760995.827717,40,1,0,0,1,0,0,66.0
1785760995.842459,40,1,0,0,1,0,0,66.0
1785760995.858003,40,1,0,0,1,0,0,66.0
1785760995.873105,40,1,0,0,1,0,0,66.0
1785760995.888499,40,1,0,0,1,0,0,67.0
1785760995.904121,40,1,0,0,1,0,0,66.0
1785760995.919725,40,1,0,0,1,0,0,66.0
1785760995.934891,40,1,0,0,1,0,0,66.0
1785760995.951123,40,1,0,0,1,0,0,66.0
1785760995.967141,40,1,0,0,1,0,0,66.0
1785760995.982724,40,1,0,0,1,0,0,66.0
1785760995.997692,40,1,0,0,1,0,0,66.0
1785760995.998150,40,1,0,0,1,0,0,67.0
1785760996.013841,40,1,0,0,1,0,0,67.0
1785760996.029939,40,1,0,0,1,0,0,67.0
1785760996.045880,40,1,0,0,1,0,0,67.0
1785760996.060875,40,1,0,0,1,0,0,67.0
1785760996.075906,40,1,0,0,1,0,0,67.0
1785760996.091179,40,1,0,0,1,0,0,67.0
1785760996.106774,40,1,0,0,1,0,0,67.0
1785760996.122268,40,1,0,0,1,0,0,67.0
1785760996.138031,40,1,0,0,1,0,0,67.0
1785760996.152942,40,1,0,0,1,0,0,67.0
1785760996.167826,40,1,0,0,1,0,0,67.0
1785760996.183043,40,1,0,0,1,0,0,67.0
1785760996.197950,40,1,0,0,1,0,0,67.0
1785760996.212835,40,1,0,0,1,0,0,67.0
1785760996.228781,40,1,0,0,1,0,0,67.0
1785760996.243993,40,1,0,0,1,0,0,67.0
1785760996.258754,40,1,0,0,1,0,0,67.0
1785760996.273385,40,1,0,0,1,0,0,67.0
1785760996.289403,40,1,0,0,1,0,0,67.0
1785760996.304181,40,1,0,0,1,0,0,67.0
1785760996.319910,40,1,0,0,1,0,0,67.0
1785760996.334551,40,1,0,0,1,0,0,67.0
1785760996.350045,40,1,0,0,1,0,0,67.0
1785760996.365878,40,1,0,0,1,0,0,67.0
1785760996.381799,40,1,0,0,1,0,0,67.0
1785760996.396836,40,1,0,0,1,0,0,67.0
1785760996.411786,40,1,0,0,1,0,0,67.0
1785760996.427787,40,1,0,0,1,0,0,67.0
1785760996.442908,40,1,0,0,1,0,0,67.0
1785760996.457759,40,1,0,0,1,0,0,67.0
1785760996.472631,40,1,0,0,1,0,0,67.0
1785760996.487626,40,1,0,0,1,0,0,67.0
1785760996.503069,40,1,0,0,1,0,0,67.0
1785760996.517685,40,1,0,0,1,0,0,67.0
1785760996.532628,40,1,0,0,1,0,0,67.0
1785760996.548008,40,1,0,0,1,0,0,67.0
1785760996.563827,40,1,0,0,1,0,0,67.0
1785760996.578774,40,1,0,0,1,0,0,67.0
1785760996.594867,40,1,0,0,1,0,0,67.0
1785760996.610883,40,1,0,0,1,0,0,67.0
1785760996.626787,40,1,0,0,1,0,0,67.0
1785760996.641063,40,1,0,0,1,0,0,67.0
1785760996.655438,40,1,0,0,1,0,0,67.0
1785760996.671113,40,1,0,0,1,0,0,67.0
1785760996.686167,40,1,0,0,1,0,0,67.0
1785760996.701151,40,1,0,0,1,0,0,67.0
1785760996.716754,40,1,0,0,1,0,0,67.0
1785760996.731824,40,1,0,0,1,0,0,67.0
1785760996.732177,40,1,0,0,1,0,0,68.0
1785760996.747241,40,1,0,0,1,0,0,68.0
1785760996.762418,40,1,0,0,1,0,0,68.0
1785760996.778094,40,1,0,0,1,0,0,68.0
1785760996.794250,40,1,0,0,1,0,0,68.0
1785760996.810269,40,1,0,0,1,0,0,68.0
1785760996.825787,40,1,0,0,1,0,0,68.0
1785760996.840912,40,1,0,0,1,0,0,68.0
1785760996.856429,40,1,0,0,1,0,0,68.0
1785760996.871511,40,1,0,0,1,0,0,68.0
1785760996.887956,40,1,0,0,1,0,0,68.0
1785760996.903530,40,1,0,0,1,0,0,68.0
1785760996.918605,40,1,0,0,1,0,0,68.0
1785760996.934140,40,1,0,0,1,0,0,68.0
1785760996.949248,40,1,0,0,1,0,0,68.0
1785760996.964627,40,1,0,0,1,0,0,68.0
1785760996.980773,40,1,0,0,1,0,0,68.0
1785760996.996797,40,1,0,0,1,0,0,68.0
1785760997.011605,40,1,0,0,1,0,0,67.0
1785760997.027578,40,1,0,0,1,0,0,67.0
1785760997.029075,40,1,0,0,1,0,0,68.0
1785760997.043161,40,1,0,0,1,0,0,68.0
1785760997.057609,40,1,0,0,1,0,0,68.0
1785760997.073205,40,1,0,0,1,0,0,68.0
1785760997.088912,40,1,0,0,1,0,0,68.0
1785760997.104389,40,1,0,0,1,0,0,68.0
1785760997.119362,40,1,0,0,1,0,0,68.0
1785760997.135043,40,1,0,0,1,0,0,68.0
1785760997.150101,40,1,0,0,1,0,0,68.0
1785760997.165725,40,1,0,0,1,0,0,68.0
1785760997.180743,40,1,0,0,1,0,0,68.0
1785760997.195823,40,1,0,0,1,0,0,68.0
1785760997.196071,40,1,0,0,1,0,0,69.0
1785760997.211248,40,1,0,0,1,0,0,69.0
1785760997.226819,40,1,0,0,1,0,0,69.0
1785760997.241851,40,1,0,0,1,0,0,69.0
1785760997.257885,40,1,0,0,1,0,0,69.0
1785760997.273406,40,1,0,0,1,0,0,68.0
1785760997.288899,40,1,0,0,1,0,0,69.0
1785760997.304497,40,1,0,0,1,0,0,68.0
1785760997.319704,40,1,0,0,1,0,0,69.0
1785760997.335028,40,1,0,0,1,0,0,68.0
1785760997.350517,40,1,0,0,1,0,0,68.0
1785760997.366158,40,1,0,0,1,0,0,68.0
1785760997.381183,40,1,0,0,1,0,0,69.0
1785760997.397054,40,1,0,0,1,0,0,68.0
1785760997.412243,40,1,0,0,1,0,0,68.0
1785760997.427815,40,1,0,0,1,0,0,68.0
1785760997.444021,40,1,0,0,1,0,0,68.0
1785760997.458906,40,1,0,0,1,0,0,68.0
1785760997.474240,40,1,0,0,1,0,0,68.0
1785760997.490170,40,1,0,0,1,0,0,68.0
1785760997.506014,40,1,0,0,1,0,0,68.0
1785760997.520817,40,1,0,0,1,0,0,68.0
1785760997.535617,40,1,0,0,1,0,0,68.0
1785760997.550768,40,1,0,0,1,0,0,68.0
1785760997.566190,40,1,0,0,1,0,0,68.0
1785760997.581203,40,1,0,0,1,0,0,68.0
1785760997.597783,40,1,0,0,1,0,0,68.0
1785760997.613488,40,1,0,0,1,0,0,68.0
1785760997.628367,40,1,0,0,1,0,0,68.0
1785760997.643998,40,1,0,0,1,0,0,68.0
1785760997.660028,40,1,0,0,1,0,0,68.0
1785760997.675700,40,1,0,0,1,0,0,68.0
1785760997.690736,40,1,0,0,1,0,0,68.0
1785760997.705819,40,1,0,0,1,0,0,68.0
1785760997.721083,40,1,0,0,1,0,0,68.0
1785760997.736201,40,1,0,0,1,0,0,67.0
1785760997.751211,40,1,0,0,1,0,0,67.0
1785760997.766776,40,1,0,0,1,0,0,67.0
1785760997.781358,40,1,0,0,1,0,0,67.0
1785760997.796516,40,1,0,0,1,0,0,67.0
1785760997.811549,40,1,0,0,1,0,0,67.0
1785760997.826252,40,1,0,0,1,0,0,67.0
1785760997.841809,40,1,0,0,1,0,0,67.0
1785760997.856744,40,1,0,0,1,0,0,67.0
1785760997.871773,40,1,0,0,1,0,0,67.0
1785760997.886873,40,1,0,0,1,0,0,68.0
1785760997.902020,40,1,0,0,1,0,0,68.0
1785760997.916739,40,1,0,0,1,0,0,68.0
1785760997.931781,40,1,0,0,1,0,0,68.0
1785760997.946841,40,1,0,0,1,0,0,68.0
1785760997.962476,40,1,0,0,1,0,0,68.0
1785760997.977568,40,1,0,0,1,0,0,68.0
1785760997.992761,40,1,0,0,1,0,0,68.0
1785760998.007942,40,1,0,0,1,0,0,68.0
1785760998.022933,40,1,0,0,1,0,0,68.0
1785760998.037695,40,1,0,0,1,0,0,67.0
1785760998.053157,40,1,0,0,1,0,0,67.0
1785760998.068799,40,1,0,0,1,0,0,67.0
1785760998.083629,40,1,0,0,1,0,0,67.0
1785760998.098420,40,1,0,0,1,0,0,67.0
1785760998.113611,40,1,0,0,1,0,0,67.0
1785760998.128529,40,1,0,0,1,0,0,67.0
1785760998.143826,40,1,0,0,1,0,0,67.0
1785760998.159900,40,1,0,0,1,0,0,67.0
1785760998.175402,40,1,0,0,1,0,0,67.0
1785760998.190821,40,1,0,0,1,0,0,67.0
1785760998.206712,40,1,0,0,1,0,0,66.0
1785760998.221312,40,1,0,0,1,0,0,66.0
1785760998.236824,40,1,0,0,1,0,0,66.0
1785760998.252096,40,1,0,0,1,0,0,66.0
1785760998.267828,40,1,0,0,1,0,0,66.0
1785760998.283795,40,1,0,0,1,0,0,66.0
1785760998.300104,40,1,0,0,1,0,0,66.0
1785760998.314952,40,1,0,0,1,0,0,66.0
1785760998.329734,40,1,0,0,1,0,0,66.0
1785760998.344826,40,1,0,0,1,0,0,66.0
1785760998.359828,40,1,0,0,1,0,0,66.0
1785760998.375592,40,1,0,0,1,0,0,66.0
1785760998.391443,40,1,0,0,1,0,0,66.0
1785760998.406805,40,1,0,0,1,0,0,66.0
1785760998.421874,40,1,0,0,1,0,0,66.0
1785760998.437748,40,1,0,0,1,0,0,66.0
1785760998.453198,40,1,0,0,1,0,0,66.0
1785760998.468913,40,1,0,0,1,0,0,66.0
1785760998.483962,40,1,0,0,1,0,0,66.0
1785760998.498893,40,1,0,0,1,0,0,66.0
1785760998.513576,40,1,0,0,1,0,0,66.0
1785760998.528743,40,1,0,0,1,0,0,66.0
1785760998.543846,40,1,0,0,1,0,0,66.0
1785760998.558625,40,1,0,0,1,0,0,66.0
1785760998.573433,40,1,0,0,1,0,0,66.0
1785760998.589035,40,1,0,0,1,0,0,66.0
1785760998.604028,40,1,0,0,1,0,0,66.0
1785760998.618913,40,1,0,0,1,0,0,66.0
1785760998.633488,40,1,0,0,1,0,0,66.0
1785760998.648770,40,1,0,0,1,0,0,66.0
1785760998.663584,40,1,0,0,1,0,0,66.0
1785760998.678849,40,1,0,0,1,0,0,66.0
1785760998.693925,40,1,0,0,1,0,0,66.0
1785760998.709275,40,1,0,0,1,0,0,66.0
1785760998.724460,40,1,0,0,1,0,0,66.0
1785760998.739558,40,1,0,0,1,0,0,66.0
1785760998.754212,40,1,0,0,1,0,0,66.0
1785760998.769478,40,1,0,0,1,0,0,66.0
1785760998.784385,40,1,0,0,1,0,0,66.0
1785760998.799216,40,1,0,0,1,0,0,66.0
1785760998.813951,40,1,0,0,1,0,0,66.0
1785760998.828848,40,1,0,0,1,0,0,66.0
1785760998.844337,40,1,0,0,1,0,0,66.0
1785760998.859802,40,1,0,0,1,0,0,66.0
1785760998.875387,40,1,0,0,1,0,0,66.0
1785760998.891288,40,1,0,0,1,0,0,66.0
1785760998.907845,40,1,0,0,1,0,0,66.0
1785760998.923694,40,1,0,0,1,0,0,66.0
1785760998.939058,40,1,0,0,1,0,0,66.0
1785760998.954291,40,1,0,0,1,0,0,66.0
1785760998.969771,40,1,0,0,1,0,0,66.0
1785760998.984138,40,1,0,0,1,0,0,66.0
1785760998.999604,40,1,0,0,1,0,0,66.0
1785760999.015382,40,1,0,0,1,0,0,66.0
1785760999.031269,40,1,0,0,1,0,0,66.0
1785760999.045846,40,1,0,0,1,0,0,66.0
1785760999.061528,40,1,0,0,1,0,0,66.0
1785760999.077770,40,1,0,0,1,0,0,66.0
1785760999.093351,40,1,0,0,1,0,0,66.0
1785760999.108941,40,1,0,0,1,0,0,66.0
1785760999.124519,40,1,0,0,1,0,0,66.0
1785760999.139088,40,1,0,0,1,0,0,66.0
1785760999.154422,40,1,0,0,1,0,0,66.0
1785760999.168976,40,1,0,0,1,0,0,66.0
1785760999.183979,40,1,0,0,1,0,0,66.0
1785760999.198917,40,1,0,0,1,0,0,66.0
1785760999.213928,40,1,0,0,1,0,0,66.0
1785760999.228911,40,1,0,0,1,0,0,66.0
1785760999.243970,40,1,0,0,1,0,0,66.0
1785760999.258877,40,1,0,0,1,0,0,66.0
1785760999.274052,40,1,0,0,1,0,0,66.0
1785760999.289798,40,1,0,0,1,0,0,66.0
1785760999.304894,40,1,0,0,1,0,0,66.0
1785760999.319781,40,1,0,0,1,0,0,66.0
1785760999.335737,40,1,0,0,1,0,0,66.0
1785760999.350211,40,1,0,0,1,0,0,66.0
1785760999.364963,40,1,0,0,1,0,0,66.0
1785760999.379817,40,1,0,0,1,0,0,66.0
1785760999.395036,40,1,0,0,1,0,0,66.0
1785760999.409814,40,1,0,0,1,0,0,66.0
1785760999.425502,40,1,0,0,1,0,0,66.0
1785760999.440455,40,1,0,0,1,0,0,66.0
1785760999.455860,40,1,0,0,1,0,0,66.0
1785760999.470944,40,1,0,0,1,0,0,66.0
1785760999.485798,40,1,0,0,1,0,0,66.0
1785760999.500506,40,1,0,0,1,0,0,66.0
1785760999.515434,40,1,0,0,1,0,0,66.0
1785760999.530613,40,1,0,0,1,0,0,66.0
1785760999.533253,40,1,0,0,1,0,0,67.0
1785760999.546021,40,1,0,0,1,0,0,67.0
1785760999.560475,40,1,0,0,1,0,0,67.0
1785760999.576177,40,1,0,0,1,0,0,67.0
1785760999.591051,40,1,0,0,1,0,0,67.0
1785760999.606740,40,1,0,0,1,0,0,67.0
1785760999.621923,40,1,0,0,1,0,0,67.0
1785760999.637772,40,1,0,0,1,0,0,67.0
1785760999.653295,40,1,0,0,1,0,0,67.0
1785760999.667888,40,1,0,0,1,0,0,67.0
1785760999.683635,40,1,0,0,1,0,0,67.0
1785760999.698956,40,1,0,0,1,0,0,67.0
1785760999.714581,40,1,0,0,1,0,0,67.0
1785760999.729790,40,1,0,0,1,0,0,67.0
1785760999.744966,40,1,0,0,1,0,0,67.0
1785760999.759783,40,1,0,0,1,0,0,67.0
1785760999.774397,40,1,0,0,1,0,0,67.0
1785760999.789749,40,1,0,0,1,0,0,67.0
1785760999.804801,40,1,0,0,1,0,0,67.0
1785760999.819613,40,1,0,0,1,0,0,67.0
1785760999.834542,40,1,0,0,1,0,0,67.0
1785760999.849873,40,1,0,0,1,0,0,67.0
1785760999.864918,40,1,0,0,1,0,0,67.0
1785760999.880778,40,1,0,0,1,0,0,67.0
1785760999.895861,40,1,0,0,1,0,0,67.0
1785760999.911390,40,1,0,0,1,0,0,67.0
1785760999.925719,40,1,0,0,1,0,0,67.0
1785760999.926148,40,1,0,0,1,0,0,68.0
1785760999.941251,40,1,0,0,1,0,0,68.0
1785760999.956231,40,1,0,0,1,0,0,68.0
1785760999.971574,40,1,0,0,1,0,0,68.0
1785760999.987062,40,1,0,0,1,0,0,68.0
1785761000.001607,40,1,0,0,1,0,0,68.0
1785761000.016548,40,1,0,0,1,0,0,68.0
1785761000.032358,40,1,0,0,1,0,0,68.0
1785761000.047887,40,1,0,0,1,0,0,68.0
1785761000.063696,40,1,0,0,1,0,0,68.0
1785761000.078814,40,1,0,0,1,0,0,68.0
1785761000.093948,40,1,0,0,1,0,0,68.0
1785761000.108801,40,1,0,0,1,0,0,69.0
1785761000.124696,40,1,0,0,1,0,0,68.0
1785761000.139031,40,1,0,0,1,0,0,69.0
1785761000.154068,40,1,0,0,1,0,0,69.0
1785761000.169459,40,1,0,0,1,0,0,68.0
1785761000.184219,40,1,0,0,1,0,0,68.0
1785761000.199512,40,1,0,0,1,0,0,68.0
1785761000.214597,40,1,0,0,1,0,0,68.0
1785761000.230954,40,1,0,0,1,0,0,68.0
1785761000.245841,40,1,0,0,1,0,0,68.0
1785761000.261632,40,1,0,0,1,0,0,68.0
1785761000.277920,40,1,0,0,1,0,0,68.0
1785761000.293865,40,1,0,0,1,0,0,68.0
1785761000.308838,40,1,0,0,1,0,0,68.0
1785761000.324055,40,1,0,0,1,0,0,68.0
1785761000.339768,40,1,0,0,1,0,0,68.0
1785761000.354610,40,1,0,0,1,0,0,68.0
1785761000.369753,40,1,0,0,1,0,0,68.0
1785761000.384521,40,1,0,0,1,0,0,68.0
1785761000.399799,40,1,0,0,1,0,0,68.0
1785761000.414795,40,1,0,0,1,0,0,68.0
1785761000.430795,40,1,0,0,1,0,0,68.0
1785761000.445931,40,1,0,0,1,0,0,68.0
1785761000.460599,40,1,0,0,1,0,0,68.0
1785761000.475976,40,1,0,0,1,0,0,68.0
1785761000.491055,40,1,0,0,1,0,0,68.0
1785761000.506756,40,1,0,0,1,0,0,68.0
1785761000.521362,40,1,0,0,1,0,0,68.0
1785761000.536549,40,1,0,0,1,0,0,67.0
1785761000.551484,40,1,0,0,1,0,0,67.0
1785761000.566577,40,1,0,0,1,0,0,67.0
1785761000.582547,40,1,0,0,1,0,0,67.0
1785761000.597877,40,1,0,0,1,0,0,67.0
1785761000.613467,40,1,0,0,1,0,0,67.0
1785761000.628815,40,1,0,0,1,0,0,67.0
1785761000.643958,40,1,0,0,1,0,0,67.0
1785761000.658625,40,1,0,0,1,0,0,67.0
1785761000.673524,40,1,0,0,1,0,0,67.0
1785761000.689522,40,1,0,0,1,0,0,67.0
1785761000.704589,40,1,0,0,1,0,0,67.0
1785761000.719722,40,1,0,0,1,0,0,67.0
1785761000.734359,40,1,0,0,1,0,0,67.0
1785761000.749868,40,1,0,0,1,0,0,67.0
1785761000.764462,40,1,0,0,1,0,0,67.0
1785761000.779561,40,1,0,0,1,0,0,67.0
1785761000.795140,40,1,0,0,1,0,0,67.0
1785761000.810491,40,1,0,0,1,0,0,67.0
1785761000.825463,40,1,0,0,1,0,0,67.0
1785761000.840734,40,1,0,0,1,0,0,67.0
1785761000.856550,40,1,0,0,1,0,0,67.0
1785761000.871610,40,1,0,0,1,0,0,67.0
1785761000.887619,40,1,0,0,1,0,0,67.0
1785761000.903512,40,1,0,0,1,0,0,67.0
1785761000.918628,40,1,0,0,1,0,0,67.0
1785761000.933425,40,1,0,0,1,0,0,66.0
1785761000.948903,40,1,0,0,1,0,0,66.0
1785761000.963827,40,1,0,0,1,0,0,66.0
1785761000.978739,40,1,0,0,1,0,0,66.0
1785761000.993879,40,1,0,0,1,0,0,66.0
1785761001.008812,40,1,0,0,1,0,0,66.0
1785761001.024600,40,1,0,0,1,0,0,66.0
1785761001.039803,40,1,0,0,1,0,0,66.0
1785761001.054422,40,1,0,0,1,0,0,66.0
1785761001.069761,40,1,0,0,1,0,0,66.0
1785761001.084415,40,1,0,0,1,0,0,66.0
1785761001.100312,40,1,0,0,1,0,0,66.0
1785761001.115005,40,1,0,0,1,0,0,66.0
1785761001.129751,40,1,0,0,1,0,0,66.0
1785761001.144983,40,1,0,0,1,0,0,66.0
1785761001.160578,40,1,0,0,1,0,0,66.0
1785761001.175542,40,1,0,0,1,0,0,66.0
1785761001.191607,40,1,0,0,1,0,0,66.0
1785761001.208132,40,1,0,0,1,0,0,66.0
1785761001.223580,40,1,0,0,1,0,0,66.0
1785761001.239215,40,1,0,0,1,0,0,66.0
1785761001.253869,40,1,0,0,1,0,0,66.0
1785761001.254196,40,1,0,0,1,0,0,67.0
1785761001.269187,40,1,0,0,1,0,0,67.0
1785761001.284135,40,1,0,0,1,0,0,67.0
1785761001.299793,40,1,0,0,1,0,0,67.0
1785761001.315327,40,1,0,0,1,0,0,67.0
1785761001.330728,40,1,0,0,1,0,0,67.0
1785761001.345828,40,1,0,0,1,0,0,67.0
1785761001.360576,40,1,0,0,1,0,0,67.0
1785761001.375990,40,1,0,0,1,0,0,67.0
1785761001.391938,40,1,0,0,1,0,0,67.0
1785761001.407854,40,1,0,0,1,0,0,67.0
1785761001.423048,40,1,0,0,1,0,0,67.0
1785761001.438148,40,1,0,0,1,0,0,67.0
1785761001.453360,40,1,0,0,1,0,0,67.0
1785761001.467915,40,1,0,0,1,0,0,67.0
1785761001.483053,40,1,0,0,1,0,0,67.0
1785761001.498933,40,1,0,0,1,0,0,67.0
1785761001.514638,40,1,0,0,1,0,0,67.0
1785761001.529995,40,1,0,0,1,0,0,67.0
1785761001.544596,40,1,0,0,1,0,0,67.0
1785761001.559750,40,1,0,0,1,0,0,67.0
1785761001.574955,40,1,0,0,1,0,0,67.0
1785761001.589886,40,1,0,0,1,0,0,67.0
1785761001.604776,40,1,0,0,1,0,0,67.0
1785761001.619859,40,1,0,0,1,0,0,67.0
1785761001.634613,40,1,0,0,1,0,0,67.0
1785761001.649929,40,1,0,0,1,0,0,67.0
1785761001.664771,40,1,0,0,1,0,0,67.0
1785761001.679878,40,1,0,0,1,0,0,67.0
1785761001.694936,40,1,0,0,1,0,0,67.0
1785761001.709792,40,1,0,0,1,0,0,67.0
1785761001.724935,40,1,0,0,1,0,0,67.0
1785761001.740022,40,1,0,0,1,0,0,67.0
1785761001.755791,40,1,0,0,1,0,0,67.0
1785761001.770466,40,1,0,0,1,0,0,67.0
1785761001.785707,40,1,0,0,1,0,0,67.0
1785761001.800199,40,1,0,0,1,0,0,67.0
1785761001.815824,40,1,0,0,1,0,0,67.0
1785761001.831909,40,1,0,0,1,0,0,67.0
1785761001.846900,40,1,0,0,1,0,0,67.0
1785761001.861520,40,1,0,0,1,0,0,67.0
1785761001.876201,40,1,0,0,1,0,0,67.0
1785761001.891172,40,1,0,0,1,0,0,67.0
1785761001.906790,40,1,0,0,1,0,0,67.0
1785761001.922189,40,1,0,0,1,0,0,67.0
1785761001.937145,40,1,0,0,1,0,0,67.0
1785761001.952096,40,1,0,0,1,0,0,67.0
1785761001.967274,40,1,0,0,1,0,0,67.0
1785761001.982818,40,1,0,0,1,0,0,67.0
1785761001.997994,40,1,0,0,1,0,0,67.0
1785761002.013585,40,1,0,0,1,0,0,67.0
1785761002.029004,40,1,0,0,1,0,0,67.0
1785761002.043929,40,1,0,0,1,0,0,67.0
1785761002.058928,40,1,0,0,1,0,0,67.0
1785761002.074626,40,1,0,0,1,0,0,67.0
1785761002.089835,40,1,0,0,1,0,0,67.0
1785761002.105112,40,1,0,0,1,0,0,67.0
1785761002.120850,40,1,0,0,1,0,0,67.0
1785761002.135635,40,1,0,0,1,0,0,67.0
1785761002.150833,40,1,0,0,1,0,0,67.0
1785761002.165600,40,1,0,0,1,0,0,67.0
1785761002.180805,40,1,0,0,1,0,0,67.0
1785761002.195931,40,1,0,0,1,0,0,67.0
1785761002.210553,40,1,0,0,1,0,0,67.0
1785761002.225746,40,1,0,0,1,0,0,67.0
1785761002.240797,40,1,0,0,1,0,0,67.0
1785761002.256522,40,1,0,0,1,0,0,66.0
1785761002.271782,40,1,0,0,1,0,0,66.0
1785761002.287422,40,1,0,0,1,0,0,66.0
1785761002.303045,40,1,0,0,1,0,0,66.0
1785761002.317846,40,1,0,0,1,0,0,66.0
1785761002.332773,40,1,0,0,1,0,0,66.0
1785761002.347963,40,1,0,0,1,0,0,66.0
1785761002.362473,40,1,0,0,1,0,0,66.0
1785761002.377751,40,1,0,0,1,0,0,66.0
1785761002.392882,40,1,0,0,1,0,0,66.0
1785761002.407794,40,1,0,0,1,0,0,67.0
1785761002.422765,40,1,0,0,1,0,0,67.0
1785761002.437357,40,1,0,0,1,0,0,67.0
1785761002.452179,40,1,0,0,1,0,0,67.0
1785761002.466861,40,1,0,0,1,0,0,67.0
1785761002.481801,40,1,0,0,1,0,0,67.0
1785761002.496816,40,1,0,0,1,0,0,67.0
1785761002.511630,40,1,0,0,1,0,0,67.0
1785761002.526791,40,1,0,0,1,0,0,67.0
1785761002.541692,40,1,0,0,1,0,0,67.0
1785761002.556837,40,1,0,0,1,0,0,67.0
1785761002.572409,40,1,0,0,1,0,0,67.0
1785761002.587700,40,1,0,0,1,0,0,67.0
1785761002.603239,40,1,0,0,1,0,0,67.0
1785761002.617895,40,1,0,0,1,0,0,67.0
1785761002.632898,40,1,0,0,1,0,0,67.0
1785761002.647901,40,1,0,0,1,0,0,67.0
1785761002.662945,40,1,0,0,1,0,0,67.0
1785761002.678796,40,1,0,0,1,0,0,67.0
1785761002.694023,40,1,0,0,1,0,0,67.0
1785761002.708769,40,1,0,0,1,0,0,67.0
1785761002.723764,40,1,0,0,1,0,0,67.0
1785761002.739843,40,1,0,0,1,0,0,67.0
1785761002.754923,40,1,0,0,1,0,0,67.0
1785761002.769830,40,1,0,0,1,0,0,67.0
1785761002.784456,40,1,0,0,1,0,0,67.0
1785761002.800062,40,1,0,0,1,0,0,67.0
1785761002.815631,40,1,0,0,1,0,0,67.0
1785761002.830856,40,1,0,0,1,0,0,67.0
1785761002.845869,40,1,0,0,1,0,0,67.0
1785761002.860785,40,1,0,0,1,0,0,67.0
1785761002.875746,40,1,0,0,1,0,0,67.0
1785761002.890749,40,1,0,0,1,0,0,67.0
1785761002.905784,40,1,0,0,1,0,0,67.0
1785761002.920714,40,1,0,0,1,0,0,67.0
1785761002.935502,40,1,0,0,1,0,0,67.0
1785761002.951256,40,1,0,0,1,0,0,67.0
1785761002.966964,40,1,0,0,1,0,0,67.0
1785761002.981799,40,1,0,0,1,0,0,67.0
1785761002.997605,40,1,0,0,1,0,0,67.0
1785761003.012628,40,1,0,0,1,0,0,67.0
1785761003.027830,40,1,0,0,1,0,0,67.0
1785761003.043763,40,1,0,0,1,0,0,67.0
1785761003.058783,40,1,0,0,1,0,0,67.0
1785761003.073721,40,1,0,0,1,0,0,67.0
1785761003.088824,40,1,0,0,1,0,0,67.0
1785761003.103839,40,1,0,0,1,0,0,67.0
1785761003.118822,40,1,0,0,1,0,0,67.0
1785761003.133616,40,1,0,0,1,0,0,67.0
1785761003.148808,40,1,0,0,1,0,0,67.0
1785761003.164843,40,1,0,0,1,0,0,67.0
1785761003.179745,40,1,0,0,1,0,0,67.0
1785761003.195247,40,1,0,0,1,0,0,67.0
1785761003.210785,40,1,0,0,1,0,0,66.0
1785761003.226250,40,1,0,0,1,0,0,66.0
1785761003.241765,40,1,0,0,1,0,0,66.0
1785761003.256732,40,1,0,0,1,0,0,66.0
1785761003.271502,40,1,0,0,1,0,0,67.0
1785761003.286861,40,1,0,0,1,0,0,67.0
1785761003.302377,40,1,0,0,1,0,0,67.0
1785761003.316504,40,1,0,0,1,0,0,67.0
1785761003.331398,40,1,0,0,1,0,0,67.0
1785761003.346591,40,1,0,0,1,0,0,67.0
1785761003.361465,40,1,0,0,1,0,0,67.0
1785761003.376894,40,1,0,0,1,0,0,67.0
1785761003.391868,40,1,0,0,1,0,0,67.0
1785761003.407824,40,1,0,0,1,0,0,66.0
1785761003.422863,40,1,0,0,1,0,0,66.0
1785761003.438394,40,1,0,0,1,0,0,66.0
1785761003.453290,40,1,0,0,1,0,0,66.0
1785761003.468949,40,1,0,0,1,0,0,66.0
1785761003.484787,40,1,0,0,1,0,0,66.0
1785761003.499822,40,1,0,0,1,0,0,66.0
1785761003.515545,40,1,0,0,1,0,0,66.0
1785761003.530916,40,1,0,0,1,0,0,66.0
1785761003.545934,40,1,0,0,1,0,0,66.0
1785761003.560766,40,1,0,0,1,0,0,66.0
1785761003.576004,40,1,0,0,1,0,0,66.0
1785761003.590784,40,1,0,0,1,0,0,66.0
1785761003.605719,40,1,0,0,1,0,0,66.0
1785761003.621222,40,1,0,0,1,0,0,66.0
1785761003.637103,40,1,0,0,1,0,0,66.0
1785761003.652311,40,1,0,0,1,0,0,66.0
1785761003.667040,40,1,0,0,1,0,0,66.0
1785761003.682950,40,1,0,0,1,0,0,66.0
1785761003.698320,40,1,0,0,1,0,0,66.0
1785761003.713560,40,1,0,0,1,0,0,66.0
1785761003.728836,40,1,0,0,1,0,0,66.0
1785761003.743438,40,1,0,0,1,0,0,66.0
1785761003.758884,40,1,0,0,1,0,0,66.0
1785761003.773685,40,1,0,0,1,0,0,66.0
1785761003.789186,40,1,0,0,1,0,0,66.0
1785761003.805166,40,1,0,0,1,0,0,66.0
1785761003.820035,40,1,0,0,1,0,0,66.0
1785761003.834554,40,1,0,0,1,0,0,66.0
1785761003.849916,40,1,0,0,1,0,0,66.0
1785761003.865300,40,1,0,0,1,0,0,66.0
1785761003.880935,40,1,0,0,1,0,0,66.0
1785761003.896045,40,1,0,0,1,0,0,66.0
1785761003.911385,40,1,0,0,1,0,0,66.0
1785761003.927539,40,1,0,0,1,0,0,66.0
1785761003.942417,40,1,0,0,1,0,0,66.0
1785761003.957914,40,1,0,0,1,0,0,66.0
1785761003.973517,40,1,0,0,1,0,0,66.0
1785761003.988066,40,1,0,0,1,0,0,66.0
1785761004.003222,40,1,0,0,1,0,0,66.0
1785761004.017900,40,1,0,0,1,0,0,66.0
1785761004.032578,40,1,0,0,1,0,0,66.0
1785761004.048043,40,1,0,0,1,0,0,66.0
1785761004.063571,40,1,0,0,1,0,0,66.0
1785761004.078781,40,1,0,0,1,0,0,66.0
1785761004.094039,40,1,0,0,1,0,0,66.0
1785761004.108877,40,1,0,0,1,0,0,66.0
1785761004.124381,40,1,0,0,1,0,0,66.0
1785761004.139042,40,1,0,0,1,0,0,66.0
1785761004.154222,40,1,0,0,1,0,0,66.0
1785761004.168992,40,1,0,0,1,0,0,66.0
1785761004.183630,40,1,0,0,1,0,0,66.0
1785761004.198556,40,1,0,0,1,0,0,66.0
1785761004.213534,40,1,0,0,1,0,0,66.0
1785761004.228918,40,1,0,0,1,0,0,66.0
1785761004.243999,40,1,0,0,1,0,0,66.0
1785761004.258848,40,1,0,0,1,0,0,66.0
1785761004.273998,40,1,0,0,1,0,0,66.0
1785761004.289289,40,1,0,0,1,0,0,66.0
1785761004.303789,40,1,0,0,1,0,0,66.0
1785761004.319131,40,1,0,0,1,0,0,66.0
1785761004.334781,40,1,0,0,1,0,0,66.0
1785761004.349020,40,1,0,0,1,0,0,66.0
1785761004.349419,40,1,0,0,1,0,0,67.0
1785761004.363793,40,1,0,0,1,0,0,67.0
1785761004.378445,40,1,0,0,1,0,0,67.0
1785761004.394125,40,1,0,0,1,0,0,67.0
1785761004.409908,40,1,0,0,1,0,0,67.0
1785761004.425034,40,1,0,0,1,0,0,67.0
1785761004.439938,40,1,0,0,1,0,0,67.0
1785761004.454524,40,1,0,0,1,0,0,67.0
1785761004.469352,40,1,0,0,1,0,0,67.0
1785761004.484150,40,1,0,0,1,0,0,68.0
1785761004.499861,40,1,0,0,1,0,0,67.0
1785761004.514778,40,1,0,0,1,0,0,68.0
1785761004.535633,40,1,0,0,1,0,0,67.0
1785761004.545182,40,1,0,0,1,0,0,68.0
1785761004.560260,40,1,0,0,1,0,0,68.0
1785761004.574840,40,1,0,0,1,0,0,68.0
1785761004.590067,40,1,0,0,1,0,0,68.0
1785761004.604508,40,1,0,0,1,0,0,68.0
1785761004.620753,40,1,0,0,1,0,0,68.0
1785761004.635956,40,1,0,0,1,0,0,68.0
1785761004.651145,40,1,0,0,1,0,0,68.0
1785761004.666084,40,1,0,0,1,0,0,68.0
1785761004.681016,40,1,0,0,1,0,0,68.0
1785761004.695997,40,1,0,0,1,0,0,68.0
1785761004.711705,40,1,0,0,1,0,0,68.0
1785761004.727819,40,1,0,0,1,0,0,68.0
1785761004.742734,40,1,0,0,1,0,0,68.0
1785761004.757747,40,1,0,0,1,0,0,68.0
1785761004.772721,40,1,0,0,1,0,0,68.0
1785761004.788116,40,1,0,0,1,0,0,68.0
1785761004.803005,40,1,0,0,1,0,0,68.0
1785761004.819055,40,1,0,0,1,0,0,68.0
1785761004.833974,40,1,0,0,1,0,0,68.0
1785761004.849076,40,1,0,0,1,0,0,68.0
1785761004.863613,40,1,0,0,1,0,0,68.0
1785761004.878814,40,1,0,0,1,0,0,68.0
1785761004.894034,40,1,0,0,1,0,0,68.0
1785761004.909049,40,1,0,0,1,0,0,68.0
1785761004.924206,40,1,0,0,1,0,0,68.0
1785761004.939227,40,1,0,0,1,0,0,68.0
1785761004.955073,40,1,0,0,1,0,0,68.0
1785761004.969689,40,1,0,0,1,0,0,68.0
1785761004.985076,40,1,0,0,1,0,0,68.0
1785761004.999929,40,1,0,0,1,0,0,68.0
1785761005.014533,40,1,0,0,1,0,0,68.0
1785761005.030167,40,1,0,0,1,0,0,68.0
1785761005.044831,40,1,0,0,1,0,0,68.0
1785761005.059811,40,1,0,0,1,0,0,68.0
1785761005.074834,40,1,0,0,1,0,0,68.0
1785761005.090168,40,1,0,0,1,0,0,68.0
1785761005.106020,40,1,0,0,1,0,0,68.0
1785761005.121118,40,1,0,0,1,0,0,68.0
1785761005.136447,40,1,0,0,1,0,0,68.0
1785761005.151201,40,1,0,0,1,0,0,68.0
1785761005.166001,40,1,0,0,1,0,0,68.0
1785761005.180965,40,1,0,0,1,0,0,68.0
1785761005.196136,40,1,0,0,1,0,0,68.0
1785761005.211583,40,1,0,0,1,0,0,68.0
1785761005.227849,40,1,0,0,1,0,0,68.0
1785761005.243287,40,1,0,0,1,0,0,68.0
1785761005.258025,40,1,0,0,1,0,0,68.0
1785761005.273750,40,1,0,0,1,0,0,68.0
1785761005.289202,40,1,0,0,1,0,0,68.0
1785761005.304578,40,1,0,0,1,0,0,67.0
1785761005.319888,40,1,0,0,1,0,0,67.0
1785761005.334774,40,1,0,0,1,0,0,68.0
1785761005.349622,40,1,0,0,1,0,0,66.0
1785761005.364621,40,1,0,0,1,0,0,66.0
1785761005.379939,40,1,0,0,1,0,0,66.0
1785761005.395013,40,1,0,0,1,0,0,66.0
1785761005.409698,40,1,0,0,1,0,0,67.0
1785761005.424998,40,1,0,0,1,0,0,67.0
1785761005.439893,40,1,0,0,1,0,0,67.0
1785761005.455517,40,1,0,0,1,0,0,66.0
1785761005.471005,40,1,0,0,1,0,0,66.0
1785761005.486803,40,1,0,0,1,0,0,66.0
1785761005.501177,40,1,0,0,1,0,0,66.0
1785761005.516792,40,1,0,0,1,0,0,66.0
1785761005.532160,40,1,0,0,1,0,0,67.0
1785761005.546917,40,1,0,0,1,0,0,66.0
1785761005.561628,40,1,0,0,1,0,0,66.0
1785761005.576325,40,1,0,0,1,0,0,66.0
1785761005.591784,40,1,0,0,1,0,0,66.0
1785761005.606776,40,1,0,0,1,0,0,66.0
1785761005.621559,40,1,0,0,1,0,0,66.0
1785761005.636799,40,1,0,0,1,0,0,66.0
1785761005.652203,40,1,0,0,1,0,0,66.0
1785761005.666981,40,1,0,0,1,0,0,66.0
1785761005.682127,40,1,0,0,1,0,0,66.0
1785761005.696937,40,1,0,0,1,0,0,66.0
1785761005.711627,40,1,0,0,1,0,0,67.0
1785761005.726939,40,1,0,0,1,0,0,67.0
1785761005.742593,40,1,0,0,1,0,0,67.0
1785761005.757828,40,1,0,0,1,0,0,66.0
1785761005.772361,40,1,0,0,1,0,0,67.0
1785761005.787586,40,1,0,0,1,0,0,67.0
1785761005.802270,40,1,0,0,1,0,0,67.0
1785761005.817940,40,1,0,0,1,0,0,67.0
1785761005.833102,40,1,0,0,1,0,0,67.0
1785761005.848792,40,1,0,0,1,0,0,67.0
1785761005.863551,40,1,0,0,1,0,0,67.0
1785761005.878975,40,1,0,0,1,0,0,66.0
1785761005.893818,40,1,0,0,1,0,0,67.0
1785761005.908558,40,1,0,0,1,0,0,67.0
1785761005.923668,40,1,0,0,1,0,0,67.0
1785761005.938932,40,1,0,0,1,0,0,67.0
1785761005.954180,40,1,0,0,1,0,0,67.0
1785761005.969695,40,1,0,0,1,0,0,66.0
1785761005.985082,40,1,0,0,1,0,0,66.0
1785761005.999749,40,1,0,0,1,0,0,67.0
1785761006.014913,40,1,0,0,1,0,0,66.0
1785761006.029749,40,1,0,0,1,0,0,67.0
1785761006.044906,40,1,0,0,1,0,0,66.0
1785761006.059804,40,1,0,0,1,0,0,67.0
1785761006.074945,40,1,0,0,1,0,0,66.0
1785761006.090617,40,1,0,0,1,0,0,66.0
1785761006.105838,40,1,0,0,1,0,0,67.0
1785761006.121201,40,1,0,0,1,0,0,66.0
1785761006.135873,40,1,0,0,1,0,0,67.0
1785761006.151273,40,1,0,0,1,0,0,66.0
1785761006.166120,40,1,0,0,1,0,0,66.0
1785761006.180757,40,1,0,0,1,0,0,67.0
1785761006.196318,40,1,0,0,1,0,0,66.0
1785761006.211572,40,1,0,0,1,0,0,67.0
1785761006.227540,40,1,0,0,1,0,0,67.0
1785761006.242630,40,1,0,0,1,0,0,67.0
1785761006.257714,40,1,0,0,1,0,0,67.0
1785761006.272823,40,1,0,0,1,0,0,67.0
1785761006.288793,40,1,0,0,1,0,0,67.0
1785761006.304690,40,1,0,0,1,0,0,66.0
1785761006.319816,40,1,0,0,1,0,0,67.0
1785761006.335596,40,1,0,0,1,0,0,66.0
1785761006.350520,40,1,0,0,1,0,0,66.0
1785761006.365177,40,1,0,0,1,0,0,66.0
1785761006.379720,40,1,0,0,1,0,0,67.0
1785761006.394987,40,1,0,0,1,0,0,67.0
1785761006.409822,40,1,0,0,1,0,0,66.0
1785761006.425062,40,1,0,0,1,0,0,66.0
1785761006.440099,40,1,0,0,1,0,0,66.0
1785761006.455837,40,1,0,0,1,0,0,66.0
1785761006.471032,40,1,0,0,1,0,0,66.0
1785761006.486620,40,1,0,0,1,0,0,67.0
1785761006.501266,40,1,0,0,1,0,0,66.0
1785761006.516308,40,1,0,0,1,0,0,67.0
1785761006.530949,40,1,0,0,1,0,0,67.0
1785761006.545881,40,1,0,0,1,0,0,67.0
1785761006.560492,40,1,0,0,1,0,0,67.0
1785761006.575355,40,1,0,0,1,0,0,67.0
1785761006.590825,40,1,0,0,1,0,0,67.0
1785761006.605817,40,1,0,0,1,0,0,67.0
1785761006.620584,40,1,0,0,1,0,0,67.0
1785761006.635830,40,1,0,0,1,0,0,67.0
1785761006.651638,40,1,0,0,1,0,0,67.0
1785761006.666926,40,1,0,0,1,0,0,67.0
1785761006.682182,40,1,0,0,1,0,0,66.0
1785761006.697851,40,1,0,0,1,0,0,66.0
1785761006.712618,40,1,0,0,1,0,0,66.0
1785761006.727842,40,1,0,0,1,0,0,66.0
1785761006.742684,40,1,0,0,1,0,0,66.0
1785761006.757782,40,1,0,0,1,0,0,67.0
1785761006.773761,40,1,0,0,1,0,0,66.0
1785761006.788603,40,1,0,0,1,0,0,66.0
1785761006.804358,40,1,0,0,1,0,0,66.0
1785761006.819023,40,1,0,0,1,0,0,66.0
1785761006.834491,40,1,0,0,1,0,0,66.0
1785761006.849841,40,1,0,0,1,0,0,66.0
1785761006.865153,40,1,0,0,1,0,0,66.0
1785761006.880096,40,1,0,0,1,0,0,66.0
1785761006.896141,40,1,0,0,1,0,0,66.0
1785761006.911907,40,1,0,0,1,0,0,66.0
1785761006.927866,40,1,0,0,1,0,0,66.0
1785761006.943153,40,1,0,0,1,0,0,66.0
1785761006.958294,40,1,0,0,1,0,0,66.0
1785761006.974290,40,1,0,0,1,0,0,66.0
1785761006.989899,40,1,0,0,1,0,0,66.0
1785761007.005238,40,1,0,0,1,0,0,66.0
1785761007.021400,40,1,0,0,1,0,0,66.0
1785761007.036689,40,1,0,0,1,0,0,66.0
1785761007.051142,40,1,0,0,1,0,0,66.0
1785761007.065827,40,1,0,0,1,0,0,66.0
1785761007.081353,40,1,0,0,1,0,0,66.0
1785761007.096547,40,1,0,0,1,0,0,66.0
1785761007.111541,40,1,0,0,1,0,0,66.0
1785761007.126373,40,1,0,0,1,0,0,66.0
1785761007.141974,40,1,0,0,1,0,0,66.0
1785761007.157884,40,1,0,0,1,0,0,66.0
1785761007.173202,40,1,0,0,1,0,0,66.0
1785761007.187814,40,1,0,0,1,0,0,66.0
1785761007.203191,40,1,0,0,1,0,0,66.0
1785761007.217836,40,1,0,0,1,0,0,66.0
1785761007.233530,40,1,0,0,1,0,0,66.0
1785761007.248853,40,1,0,0,1,0,0,66.0
1785761007.264152,40,1,0,0,1,0,0,66.0
1785761007.279420,40,1,0,0,1,0,0,66.0
1785761007.294081,40,1,0,0,1,0,0,66.0
1785761007.309559,40,1,0,0,1,0,0,66.0
1785761007.324466,40,1,0,0,1,0,0,66.0
1785761007.339145,40,1,0,0,1,0,0,66.0
1785761007.353918,40,1,0,0,1,0,0,66.0
1785761007.354306,40,1,0,0,1,0,0,67.0
1785761007.368623,40,1,0,0,1,0,0,67.0
1785761007.383745,40,1,0,0,1,0,0,67.0
1785761007.398976,40,1,0,0,1,0,0,67.0
1785761007.414065,40,1,0,0,1,0,0,67.0
1785761007.428822,40,1,0,0,1,0,0,67.0
1785761007.444323,40,1,0,0,1,0,0,67.0
1785761007.460377,40,1,0,0,1,0,0,67.0
1785761007.476017,40,1,0,0,1,0,0,67.0
1785761007.491942,40,1,0,0,1,0,0,67.0
1785761007.506826,40,1,0,0,1,0,0,67.0
1785761007.521485,40,1,0,0,1,0,0,67.0
1785761007.536323,40,1,0,0,1,0,0,67.0
1785761007.551286,40,1,0,0,1,0,0,67.0
1785761007.565961,40,1,0,0,1,0,0,67.0
1785761007.580838,40,1,0,0,1,0,0,67.0
1785761007.595578,40,1,0,0,1,0,0,67.0
1785761007.610336,40,1,0,0,1,0,0,67.0
1785761007.625402,40,1,0,0,1,0,0,67.0
1785761007.640881,40,1,0,0,1,0,0,67.0
1785761007.655846,40,1,0,0,1,0,0,67.0
1785761007.671000,40,1,0,0,1,0,0,67.0
1785761007.685602,40,1,0,0,1,0,0,67.0
1785761007.700167,40,1,0,0,1,0,0,67.0
1785761007.715112,40,1,0,0,1,0,0,67.0
1785761007.729917,40,1,0,0,1,0,0,67.0
1785761007.745254,40,1,0,0,1,0,0,67.0
1785761007.760904,40,1,0,0,1,0,0,67.0
1785761007.776219,40,1,0,0,1,0,0,67.0
1785761007.791463,40,1,0,0,1,0,0,67.0
1785761007.806774,40,1,0,0,1,0,0,67.0
1785761007.821835,40,1,0,0,1,0,0,67.0
1785761007.836732,40,1,0,0,1,0,0,67.0
1785761007.851189,40,1,0,0,1,0,0,67.0
1785761007.866190,40,1,0,0,1,0,0,67.0
1785761007.881619,40,1,0,0,1,0,0,67.0
1785761007.898046,40,1,0,0,1,0,0,67.0
1785761007.913574,40,1,0,0,1,0,0,67.0
1785761007.928798,40,1,0,0,1,0,0,67.0
1785761007.944747,40,1,0,0,1,0,0,67.0
1785761007.960721,40,1,0,0,1,0,0,67.0
1785761007.976408,40,1,0,0,1,0,0,67.0
1785761007.991833,40,1,0,0,1,0,0,67.0
1785761008.006444,40,1,0,0,1,0,0,67.0
1785761008.022059,40,1,0,0,1,0,0,67.0
1785761008.037785,40,1,0,0,1,0,0,67.0
1785761008.053441,40,1,0,0,1,0,0,67.0
1785761008.068890,40,1,0,0,1,0,0,67.0
1785761008.084776,40,1,0,0,1,0,0,67.0
1785761008.099825,40,1,0,0,1,0,0,67.0
1785761008.115033,40,1,0,0,1,0,0,67.0
1785761008.129767,40,1,0,0,1,0,0,67.0
1785761008.144866,40,1,0,0,1,0,0,67.0
1785761008.160144,40,1,0,0,1,0,0,67.0
1785761008.175368,40,1,0,0,1,0,0,67.0
1785761008.190373,40,1,0,0,1,0,0,67.0
1785761008.205851,40,1,0,0,1,0,0,67.0
1785761008.220473,40,1,0,0,1,0,0,67.0
1785761008.235551,40,1,0,0,1,0,0,67.0
1785761008.250301,40,1,0,0,1,0,0,67.0
1785761008.265591,40,1,0,0,1,0,0,67.0
1785761008.280989,40,1,0,0,1,0,0,67.0
1785761008.295637,40,1,0,0,1,0,0,67.0
1785761008.310777,40,1,0,0,1,0,0,67.0
1785761008.325546,40,1,0,0,1,0,0,67.0
1785761008.340820,40,1,0,0,1,0,0,67.0
1785761008.355797,40,1,0,0,1,0,0,66.0
1785761008.370784,40,1,0,0,1,0,0,66.0
1785761008.385962,40,1,0,0,1,0,0,66.0
1785761008.401206,40,1,0,0,1,0,0,66.0
1785761008.416812,40,1,0,0,1,0,0,66.0
1785761008.431871,40,1,0,0,1,0,0,66.0
1785761008.447049,40,1,0,0,1,0,0,66.0
1785761008.461733,40,1,0,0,1,0,0,66.0
1785761008.476397,40,1,0,0,1,0,0,66.0
1785761008.491817,40,1,0,0,1,0,0,67.0
1785761008.507787,40,1,0,0,1,0,0,66.0
1785761008.522595,40,1,0,0,1,0,0,66.0
1785761008.537636,40,1,0,0,1,0,0,66.0
1785761008.553625,40,1,0,0,1,0,0,66.0
1785761008.569033,40,1,0,0,1,0,0,66.0
1785761008.584478,40,1,0,0,1,0,0,66.0
1785761008.599768,40,1,0,0,1,0,0,66.0
1785761008.614107,40,1,0,0,1,0,0,66.0
1785761008.629420,40,1,0,0,1,0,0,66.0
1785761008.644839,40,1,0,0,1,0,0,66.0
1785761008.660235,40,1,0,0,1,0,0,66.0
1785761008.675977,40,1,0,0,1,0,0,66.0
1785761008.690776,40,1,0,0,1,0,0,66.0
1785761008.705700,40,1,0,0,1,0,0,66.0
1785761008.720536,40,1,0,0,1,0,0,66.0
1785761008.735776,40,1,0,0,1,0,0,66.0
1785761008.751105,40,1,0,0,1,0,0,66.0
1785761008.765924,40,1,0,0,1,0,0,66.0
1785761008.781392,40,1,0,0,1,0,0,66.0
1785761008.797889,40,1,0,0,1,0,0,66.0
1785761008.812845,40,1,0,0,1,0,0,66.0
1785761008.827876,40,1,0,0,1,0,0,66.0
1785761008.843518,40,1,0,0,1,0,0,66.0
1785761008.859498,40,1,0,0,1,0,0,66.0
1785761008.875567,40,1,0,0,1,0,0,66.0
1785761008.889847,40,1,0,0,1,0,0,66.0
1785761008.905555,40,1,0,0,1,0,0,66.0
1785761008.920525,40,1,0,0,1,0,0,66.0
1785761008.936422,40,1,0,0,1,0,0,66.0
1785761008.952355,40,1,0,0,1,0,0,66.0
1785761008.967996,40,1,0,0,1,0,0,66.0
1785761008.983492,40,1,0,0,1,0,0,66.0
1785761008.998500,40,1,0,0,1,0,0,66.0
1785761009.013780,40,1,0,0,1,0,0,66.0
1785761009.028871,40,1,0,0,1,0,0,66.0
1785761009.043842,40,1,0,0,1,0,0,66.0
1785761009.059555,40,1,0,0,1,0,0,66.0
1785761009.074510,40,1,0,0,1,0,0,66.0
1785761009.089818,40,1,0,0,1,0,0,66.0
1785761009.104431,40,1,0,0,1,0,0,66.0
1785761009.119524,40,1,0,0,1,0,0,66.0
1785761009.134607,40,1,0,0,1,0,0,66.0
1785761009.149920,40,1,0,0,1,0,0,66.0
1785761009.165923,40,1,0,0,1,0,0,66.0
1785761009.181796,40,1,0,0,1,0,0,66.0
1785761009.196366,40,1,0,0,1,0,0,66.0
1785761009.211771,40,1,0,0,1,0,0,66.0
1785761009.226852,40,1,0,0,1,0,0,66.0
1785761009.242749,40,1,0,0,1,0,0,66.0
1785761009.257834,40,1,0,0,1,0,0,66.0
1785761009.273563,40,1,0,0,1,0,0,66.0
1785761009.289281,40,1,0,0,1,0,0,66.0
1785761009.304565,40,1,0,0,1,0,0,66.0
1785761009.319917,40,1,0,0,1,0,0,66.0
1785761009.334696,40,1,0,0,1,0,0,66.0
1785761009.349899,40,1,0,0,1,0,0,66.0
1785761009.364580,40,1,0,0,1,0,0,66.0
1785761009.379731,40,1,0,0,1,0,0,66.0
1785761009.394416,40,1,0,0,1,0,0,66.0
1785761009.409243,40,1,0,0,1,0,0,66.0
1785761009.424481,40,1,0,0,1,0,0,66.0
1785761009.439773,40,1,0,0,1,0,0,66.0
1785761009.455711,40,1,0,0,1,0,0,66.0
1785761009.470047,40,1,0,0,1,0,0,66.0
1785761009.484793,40,1,0,0,1,0,0,66.0
1785761009.499477,40,1,0,0,1,0,0,66.0
1785761009.514819,40,1,0,0,1,0,0,66.0
1785761009.529854,40,1,0,0,1,0,0,66.0
1785761009.545032,40,1,0,0,1,0,0,66.0
1785761009.559930,40,1,0,0,1,0,0,66.0
1785761009.575562,40,1,0,0,1,0,0,66.0
1785761009.590817,40,1,0,0,1,0,0,66.0
1785761009.606542,40,1,0,0,1,0,0,66.0
1785761009.621619,40,1,0,0,1,0,0,66.0
1785761009.638112,40,1,0,0,1,0,0,66.0
1785761009.653889,40,1,0,0,1,0,0,66.0
1785761009.668959,40,1,0,0,1,0,0,66.0
1785761009.683824,40,1,0,0,1,0,0,66.0
1785761009.698963,40,1,0,0,1,0,0,66.0
1785761009.714102,40,1,0,0,1,0,0,66.0
1785761009.729864,40,1,0,0,1,0,0,66.0
1785761009.744929,40,1,0,0,1,0,0,66.0
1785761009.759910,40,1,0,0,1,0,0,66.0
1785761009.775148,40,1,0,0,1,0,0,66.0
1785761009.790001,40,1,0,0,1,0,0,66.0
1785761009.806162,40,1,0,0,1,0,0,66.0
1785761009.821555,40,1,0,0,1,0,0,66.0
1785761009.836738,40,1,0,0,1,0,0,66.0
1785761009.851330,40,1,0,0,1,0,0,66.0
1785761009.866692,40,1,0,0,1,0,0,66.0
1785761009.881849,40,1,0,0,1,0,0,66.0
1785761009.896430,40,1,0,0,1,0,0,66.0
1785761009.911388,40,1,0,0,1,0,0,66.0
1785761009.926650,40,1,0,0,1,0,0,66.0
1785761009.941433,40,1,0,0,1,0,0,66.0
1785761009.956608,40,1,0,0,1,0,0,66.0
1785761009.971926,40,1,0,0,1,0,0,66.0
1785761009.988008,40,1,0,0,1,0,0,66.0
1785761010.003412,40,1,0,0,1,0,0,66.0
1785761010.017924,40,1,0,0,1,0,0,66.0
1785761010.033327,40,1,0,0,1,0,0,66.0
1785761010.047880,40,1,0,0,1,0,0,66.0
1785761010.063585,40,1,0,0,1,0,0,66.0
1785761010.078604,40,1,0,0,1,0,0,66.0
1785761010.094603,40,1,0,0,1,0,0,66.0
1785761010.109600,40,1,0,0,1,0,0,66.0
1785761010.124536,40,1,0,0,1,0,0,66.0
1785761010.139594,40,1,0,0,1,0,0,66.0
1785761010.154257,40,1,0,0,1,0,0,66.0
1785761010.169036,40,1,0,0,1,0,0,66.0
1785761010.183822,40,1,0,0,1,0,0,66.0
1785761010.199075,40,1,0,0,1,0,0,66.0
1785761010.214740,40,1,0,0,1,0,0,66.0
1785761010.229861,40,1,0,0,1,0,0,66.0
1785761010.244949,40,1,0,0,1,0,0,66.0
1785761010.260598,40,1,0,0,1,0,0,66.0
1785761010.275779,40,1,0,0,1,0,0,66.0
1785761010.290632,40,1,0,0,1,0,0,66.0
1785761010.305794,40,1,0,0,1,0,0,66.0
1785761010.321620,40,1,0,0,1,0,0,66.0
1785761010.336931,40,1,0,0,1,0,0,66.0
1785761010.352333,40,1,0,0,1,0,0,66.0
1785761010.367960,40,1,0,0,1,0,0,66.0
1785761010.382542,40,1,0,0,1,0,0,66.0
1785761010.383285,40,1,0,0,1,0,0,67.0
1785761010.398706,40,1,0,0,1,0,0,67.0
1785761010.413693,40,1,0,0,1,0,0,67.0
1785761010.428786,40,1,0,0,1,0,0,67.0
1785761010.444235,40,1,0,0,1,0,0,67.0
1785761010.459291,40,1,0,0,1,0,0,67.0
1785761010.474585,40,1,0,0,1,0,0,67.0
1785761010.489274,40,1,0,0,1,0,0,67.0
1785761010.504311,40,1,0,0,1,0,0,67.0
1785761010.519499,40,1,0,0,1,0,0,67.0
1785761010.534896,40,1,0,0,1,0,0,67.0
1785761010.550892,40,1,0,0,1,0,0,67.0
1785761010.566335,40,1,0,0,1,0,0,67.0
1785761010.581744,40,1,0,0,1,0,0,67.0
1785761010.596785,40,1,0,0,1,0,0,67.0
1785761010.612713,40,1,0,0,1,0,0,67.0
1785761010.627774,40,1,0,0,1,0,0,67.0
1785761010.642916,40,1,0,0,1,0,0,67.0
1785761010.657636,40,1,0,0,1,0,0,67.0
1785761010.673013,40,1,0,0,1,0,0,67.0
1785761010.687833,40,1,0,0,1,0,0,67.0
1785761010.703437,40,1,0,0,1,0,0,67.0
1785761010.718810,40,1,0,0,1,0,0,67.0
1785761010.733733,40,1,0,0,1,0,0,67.0
1785761010.749829,40,1,0,0,1,0,0,67.0
1785761010.765984,40,1,0,0,1,0,0,67.0
1785761010.780849,40,1,0,0,1,0,0,67.0
1785761010.796210,40,1,0,0,1,0,0,67.0
1785761010.811613,40,1,0,0,1,0,0,67.0
1785761010.826606,40,1,0,0,1,0,0,67.0
1785761010.841779,40,1,0,0,1,0,0,67.0
1785761010.857795,40,1,0,0,1,0,0,67.0
1785761010.873787,40,1,0,0,1,0,0,67.0
1785761010.888940,40,1,0,0,1,0,0,67.0
1785761010.904769,40,1,0,0,1,0,0,67.0
1785761010.919749,40,1,0,0,1,0,0,67.0
1785761010.934571,40,1,0,0,1,0,0,67.0
1785761010.949816,40,1,0,0,1,0,0,67.0
1785761010.964723,40,1,0,0,1,0,0,67.0
1785761010.979278,40,1,0,0,1,0,0,67.0
1785761010.994422,40,1,0,0,1,0,0,67.0
1785761011.009523,40,1,0,0,1,0,0,67.0
1785761011.024756,40,1,0,0,1,0,0,67.0
1785761011.040202,40,1,0,0,1,0,0,67.0
1785761011.054948,40,1,0,0,1,0,0,67.0
1785761011.069863,40,1,0,0,1,0,0,67.0
1785761011.084747,40,1,0,0,1,0,0,67.0
1785761011.099760,40,1,0,0,1,0,0,67.0
1785761011.114762,40,1,0,0,1,0,0,67.0
1785761011.129770,40,1,0,0,1,0,0,67.0
1785761011.144996,40,1,0,0,1,0,0,67.0
1785761011.160530,40,1,0,0,1,0,0,67.0
1785761011.175451,40,1,0,0,1,0,0,67.0
1785761011.190794,40,1,0,0,1,0,0,67.0
1785761011.206089,40,1,0,0,1,0,0,67.0
1785761011.221168,40,1,0,0,1,0,0,67.0
1785761011.236793,40,1,0,0,1,0,0,67.0
1785761011.251355,40,1,0,0,1,0,0,67.0
1785761011.266743,40,1,0,0,1,0,0,67.0
1785761011.281400,40,1,0,0,1,0,0,67.0
1785761011.296077,40,1,0,0,1,0,0,67.0
1785761011.311615,40,1,0,0,1,0,0,67.0
1785761011.327855,40,1,0,0,1,0,0,67.0
1785761011.343083,40,1,0,0,1,0,0,67.0
1785761011.357917,40,1,0,0,1,0,0,67.0
1785761011.372968,40,1,0,0,1,0,0,67.0
1785761011.387802,40,1,0,0,1,0,0,66.0
1785761011.403414,40,1,0,0,1,0,0,66.0
1785761011.417912,40,1,0,0,1,0,0,66.0
1785761011.432692,40,1,0,0,1,0,0,66.0
1785761011.447909,40,1,0,0,1,0,0,66.0
1785761011.462710,40,1,0,0,1,0,0,66.0
1785761011.477752,40,1,0,0,1,0,0,66.0
1785761011.492826,40,1,0,0,1,0,0,66.0
1785761011.508466,40,1,0,0,1,0,0,66.0
1785761011.523847,40,1,0,0,1,0,0,66.0
1785761011.538836,40,1,0,0,1,0,0,66.0
1785761011.554771,40,1,0,0,1,0,0,66.0
1785761011.570226,40,1,0,0,1,0,0,66.0
1785761011.584763,40,1,0,0,1,0,0,66.0
1785761011.599821,40,1,0,0,1,0,0,66.0
1785761011.615724,40,1,0,0,1,0,0,66.0
1785761011.630876,40,1,0,0,1,0,0,66.0
1785761011.645919,40,1,0,0,1,0,0,66.0
1785761011.660731,40,1,0,0,1,0,0,66.0
1785761011.675566,40,1,0,0,1,0,0,66.0
1785761011.690146,40,1,0,0,1,0,0,66.0
1785761011.705454,40,1,0,0,1,0,0,66.0
1785761011.721142,40,1,0,0,1,0,0,66.0
1785761011.736760,40,1,0,0,1,0,0,66.0
1785761011.751322,40,1,0,0,1,0,0,66.0
1785761011.766711,40,1,0,0,1,0,0,66.0
1785761011.781836,40,1,0,0,1,0,0,66.0
1785761011.798017,40,1,0,0,1,0,0,66.0
1785761011.813070,40,1,0,0,1,0,0,66.0
1785761011.828023,40,1,0,0,1,0,0,66.0
1785761011.843904,40,1,0,0,1,0,0,66.0
1785761011.858840,40,1,0,0,1,0,0,66.0
1785761011.874090,40,1,0,0,1,0,0,66.0
1785761011.889059,40,1,0,0,1,0,0,66.0
1785761011.904288,40,1,0,0,1,0,0,67.0
1785761011.918957,40,1,0,0,1,0,0,67.0
1785761011.933766,40,1,0,0,1,0,0,67.0
1785761011.948964,40,1,0,0,1,0,0,67.0
1785761011.964047,40,1,0,0,1,0,0,67.0
1785761011.979797,40,1,0,0,1,0,0,66.0
1785761011.994892,40,1,0,0,1,0,0,66.0
1785761012.009936,40,1,0,0,1,0,0,66.0
1785761012.024547,40,1,0,0,1,0,0,67.0
1785761012.039382,40,1,0,0,1,0,0,67.0
1785761012.054504,40,1,0,0,1,0,0,67.0
1785761012.069917,40,1,0,0,1,0,0,66.0
1785761012.084746,40,1,0,0,1,0,0,67.0
1785761012.100101,40,1,0,0,1,0,0,66.0
1785761012.114802,40,1,0,0,1,0,0,66.0
1785761012.130782,40,1,0,0,1,0,0,66.0
1785761012.146033,40,1,0,0,1,0,0,66.0
1785761012.161633,40,1,0,0,1,0,0,66.0
1785761012.176864,40,1,0,0,1,0,0,66.0
1785761012.191823,40,1,0,0,1,0,0,66.0
1785761012.207961,40,1,0,0,1,0,0,66.0
1785761012.223440,40,1,0,0,1,0,0,66.0
1785761012.238775,40,1,0,0,1,0,0,66.0
1785761012.254274,40,1,0,0,1,0,0,66.0
1785761012.269046,40,1,0,0,1,0,0,66.0
1785761012.283836,40,1,0,0,1,0,0,66.0
1785761012.298594,40,1,0,0,1,0,0,66.0
1785761012.313714,40,1,0,0,1,0,0,66.0
1785761012.329016,40,1,0,0,1,0,0,66.0
1785761012.344011,40,1,0,0,1,0,0,66.0
1785761012.358820,40,1,0,0,1,0,0,66.0
1785761012.374437,40,1,0,0,1,0,0,66.0
1785761012.389798,40,1,0,0,1,0,0,66.0
1785761012.405323,40,1,0,0,1,0,0,66.0
1785761012.419896,40,1,0,0,1,0,0,66.0
1785761012.435570,40,1,0,0,1,0,0,66.0
1785761012.451200,40,1,0,0,1,0,0,66.0
1785761012.465956,40,1,0,0,1,0,0,66.0
1785761012.480816,40,1,0,0,1,0,0,66.0
1785761012.495536,40,1,0,0,1,0,0,66.0
1785761012.510868,40,1,0,0,1,0,0,66.0
1785761012.526890,40,1,0,0,1,0,0,66.0
1785761012.541939,40,1,0,0,1,0,0,66.0
1785761012.557706,40,1,0,0,1,0,0,66.0
1785761012.572773,40,1,0,0,1,0,0,66.0
1785761012.587818,40,1,0,0,1,0,0,66.0
1785761012.602509,40,1,0,0,1,0,0,66.0
1785761012.617598,40,1,0,0,1,0,0,66.0
1785761012.633783,40,1,0,0,1,0,0,66.0
1785761012.649004,40,1,0,0,1,0,0,66.0
1785761012.663714,40,1,0,0,1,0,0,66.0
1785761012.678788,40,1,0,0,1,0,0,66.0
1785761012.693863,40,1,0,0,1,0,0,66.0
1785761012.708895,40,1,0,0,1,0,0,66.0
1785761012.723993,40,1,0,0,1,0,0,66.0
1785761012.739062,40,1,0,0,1,0,0,66.0
1785761012.754486,40,1,0,0,1,0,0,66.0
1785761012.769985,40,1,0,0,1,0,0,66.0
1785761012.785974,40,1,0,0,1,0,0,66.0
1785761012.801363,40,1,0,0,1,0,0,66.0
1785761012.816784,40,1,0,0,1,0,0,66.0
1785761012.832859,40,1,0,0,1,0,0,66.0
1785761012.849016,40,1,0,0,1,0,0,66.0
1785761012.864887,40,1,0,0,1,0,0,66.0
1785761012.879745,40,1,0,0,1,0,0,66.0
1785761012.895083,40,1,0,0,1,0,0,66.0
1785761012.909829,40,1,0,0,1,0,0,66.0
1785761012.925033,40,1,0,0,1,0,0,66.0
1785761012.939920,40,1,0,0,1,0,0,66.0
1785761012.954915,40,1,0,0,1,0,0,66.0
1785761012.969764,40,1,0,0,1,0,0,66.0
1785761012.984721,40,1,0,0,1,0,0,66.0
1785761013.000016,40,1,0,0,1,0,0,66.0
1785761013.015029,40,1,0,0,1,0,0,66.0
1785761013.030845,40,1,0,0,1,0,0,66.0
1785761013.045979,40,1,0,0,1,0,0,66.0
1785761013.060570,40,1,0,0,1,0,0,66.0
1785761013.075905,40,1,0,0,1,0,0,66.0
1785761013.091003,40,1,0,0,1,0,0,66.0
1785761013.106004,40,1,0,0,1,0,0,66.0
1785761013.121126,40,1,0,0,1,0,0,66.0
1785761013.135877,40,1,0,0,1,0,0,66.0
1785761013.150860,40,1,0,0,1,0,0,66.0
1785761013.166385,40,1,0,0,1,0,0,66.0
1785761013.180786,40,1,0,0,1,0,0,66.0
1785761013.196493,40,1,0,0,1,0,0,66.0
1785761013.211697,40,1,0,0,1,0,0,66.0
1785761013.227065,40,1,0,0,1,0,0,66.0
1785761013.241944,40,1,0,0,1,0,0,66.0
1785761013.258204,40,1,0,0,1,0,0,66.0
1785761013.272939,40,1,0,0,1,0,0,66.0
1785761013.288116,40,1,0,0,1,0,0,66.0
1785761013.302932,40,1,0,0,1,0,0,66.0
1785761013.318066,40,1,0,0,1,0,0,66.0
1785761013.334072,40,1,0,0,1,0,0,66.0
1785761013.349065,40,1,0,0,1,0,0,66.0
1785761013.365066,40,1,0,0,1,0,0,66.0
1785761013.380868,40,1,0,0,1,0,0,66.0
1785761013.395416,40,1,0,0,1,0,0,66.0
1785761013.410761,40,1,0,0,1,0,0,66.0
1785761013.425869,40,1,0,0,1,0,0,66.0
1785761013.440917,40,1,0,0,1,0,0,66.0
1785761013.455840,40,1,0,0,1,0,0,66.0
1785761013.470743,40,1,0,0,1,0,0,66.0
1785761013.485873,40,1,0,0,1,0,0,66.0
1785761013.500336,40,1,0,0,1,0,0,66.0
1785761013.515764,40,1,0,0,1,0,0,66.0
1785761013.530831,40,1,0,0,1,0,0,66.0
1785761013.545635,40,1,0,0,1,0,0,66.0
1785761013.560729,40,1,0,0,1,0,0,66.0
1785761013.576054,40,1,0,0,1,0,0,66.0
1785761013.591765,40,1,0,0,1,0,0,66.0
1785761013.606954,40,1,0,0,1,0,0,66.0
1785761013.622457,40,1,0,0,1,0,0,66.0
1785761013.637776,40,1,0,0,1,0,0,66.0
1785761013.653878,40,1,0,0,1,0,0,66.0
1785761013.668548,40,1,0,0,1,0,0,66.0
1785761013.683802,40,1,0,0,1,0,0,66.0
1785761013.698998,40,1,0,0,1,0,0,66.0
1785761013.715021,40,1,0,0,1,0,0,66.0
1785761013.730850,40,1,0,0,1,0,0,66.0
1785761013.746010,40,1,0,0,1,0,0,66.0
1785761013.761630,40,1,0,0,1,0,0,66.0
1785761013.776870,40,1,0,0,1,0,0,66.0
1785761013.791754,40,1,0,0,1,0,0,66.0
1785761013.806538,40,1,0,0,1,0,0,66.0
1785761013.821637,40,1,0,0,1,0,0,66.0
1785761013.836781,40,1,0,0,1,0,0,66.0
1785761013.851733,40,1,0,0,1,0,0,66.0
1785761013.867055,40,1,0,0,1,0,0,66.0
1785761013.881955,40,1,0,0,1,0,0,66.0
1785761013.898038,40,1,0,0,1,0,0,66.0
1785761013.914022,40,1,0,0,1,0,0,66.0
1785761013.928863,40,1,0,0,1,0,0,66.0
1785761013.944001,40,1,0,0,1,0,0,66.0
1785761013.959039,40,1,0,0,1,0,0,66.0
1785761013.974999,40,1,0,0,1,0,0,66.0
1785761013.989804,40,1,0,0,1,0,0,66.0
1785761014.005045,40,1,0,0,1,0,0,66.0
1785761014.020524,40,1,0,0,1,0,0,66.0
1785761014.036153,40,1,0,0,1,0,0,66.0
1785761014.051363,40,1,0,0,1,0,0,66.0
1785761014.066026,40,1,0,0,1,0,0,66.0
1785761014.081897,40,1,0,0,1,0,0,66.0
1785761014.098068,40,1,0,0,1,0,0,66.0
1785761014.113731,40,1,0,0,1,0,0,66.0
1785761014.128820,40,1,0,0,1,0,0,66.0
1785761014.143979,40,1,0,0,1,0,0,66.0
1785761014.159719,40,1,0,0,1,0,0,66.0
1785761014.174343,40,1,0,0,1,0,0,66.0
1785761014.189432,40,1,0,0,1,0,0,66.0
1785761014.204492,40,1,0,0,1,0,0,66.0
1785761014.219538,40,1,0,0,1,0,0,66.0
1785761014.234699,40,1,0,0,1,0,0,66.0
1785761014.249529,40,1,0,0,1,0,0,66.0
1785761014.264496,40,1,0,0,1,0,0,66.0
1785761014.279418,40,1,0,0,1,0,0,66.0
1785761014.295095,40,1,0,0,1,0,0,66.0
1785761014.310225,40,1,0,0,1,0,0,66.0
1785761014.325717,40,1,0,0,1,0,0,66.0
1785761014.340751,40,1,0,0,1,0,0,66.0
1785761014.355763,40,1,0,0,1,0,0,66.0
1785761014.370744,40,1,0,0,1,0,0,66.0
1785761014.385736,40,1,0,0,1,0,0,66.0
1785761014.400949,40,1,0,0,1,0,0,66.0
1785761014.415967,40,1,0,0,1,0,0,66.0
1785761014.430780,40,1,0,0,1,0,0,66.0
1785761014.445866,40,1,0,0,1,0,0,66.0
1785761014.460905,40,1,0,0,1,0,0,66.0
1785761014.475989,40,1,0,0,1,0,0,66.0
1785761014.476306,40,1,0,0,1,0,0,67.0
1785761014.491251,40,1,0,0,1,0,0,67.0
1785761014.506504,40,1,0,0,1,0,0,67.0
1785761014.521272,40,1,0,0,1,0,0,67.0
1785761014.536451,40,1,0,0,1,0,0,67.0
1785761014.551553,40,1,0,0,1,0,0,67.0
1785761014.566908,40,1,0,0,1,0,0,67.0
1785761014.582760,40,1,0,0,1,0,0,67.0
1785761014.598537,40,1,0,0,1,0,0,67.0
1785761014.613790,40,1,0,0,1,0,0,67.0
1785761014.628829,40,1,0,0,1,0,0,67.0
1785761014.644011,40,1,0,0,1,0,0,67.0
1785761014.658839,40,1,0,0,1,0,0,67.0
1785761014.673574,40,1,0,0,1,0,0,67.0
1785761014.688275,40,1,0,0,1,0,0,67.0
1785761014.704550,40,1,0,0,1,0,0,67.0
1785761014.719792,40,1,0,0,1,0,0,67.0
1785761014.735435,40,1,0,0,1,0,0,67.0
1785761014.749528,40,1,0,0,1,0,0,67.0
1785761014.764219,40,1,0,0,1,0,0,67.0
1785761014.779433,40,1,0,0,1,0,0,67.0
1785761014.795493,40,1,0,0,1,0,0,67.0
1785761014.810180,40,1,0,0,1,0,0,67.0
1785761014.825183,40,1,0,0,1,0,0,67.0
1785761014.839894,40,1,0,0,1,0,0,67.0
1785761014.855218,40,1,0,0,1,0,0,67.0
1785761014.871149,40,1,0,0,1,0,0,67.0
1785761014.886255,40,1,0,0,1,0,0,67.0
1785761014.901278,40,1,0,0,1,0,0,67.0
1785761014.917568,40,1,0,0,1,0,0,67.0
1785761014.933245,40,1,0,0,1,0,0,67.0
1785761014.949260,40,1,0,0,1,0,0,67.0
1785761014.965128,40,1,0,0,1,0,0,67.0
1785761014.979769,40,1,0,0,1,0,0,67.0
1785761014.995544,40,1,0,0,1,0,0,67.0
1785761015.010361,40,1,0,0,1,0,0,67.0
1785761015.026135,40,1,0,0,1,0,0,67.0
1785761015.041214,40,1,0,0,1,0,0,67.0
1785761015.057786,40,1,0,0,1,0,0,67.0
1785761015.072742,40,1,0,0,1,0,0,67.0
1785761015.088270,40,1,0,0,1,0,0,67.0
1785761015.104199,40,1,0,0,1,0,0,67.0
1785761015.118921,40,1,0,0,1,0,0,67.0
1785761015.133592,40,1,0,0,1,0,0,67.0
1785761015.149133,40,1,0,0,1,0,0,67.0
1785761015.164102,40,1,0,0,1,0,0,67.0
1785761015.178804,40,1,0,0,1,0,0,67.0
1785761015.193945,40,1,0,0,1,0,0,67.0
1785761015.209260,40,1,0,0,1,0,0,67.0
1785761015.224276,40,1,0,0,1,0,0,67.0
1785761015.239356,40,1,0,0,1,0,0,67.0
1785761015.255210,40,1,0,0,1,0,0,67.0
1785761015.269997,40,1,0,0,1,0,0,67.0
1785761015.284703,40,1,0,0,1,0,0,67.0
1785761015.299426,40,1,0,0,1,0,0,67.0
1785761015.314541,40,1,0,0,1,0,0,67.0
1785761015.329812,40,1,0,0,1,0,0,67.0
1785761015.344863,40,1,0,0,1,0,0,67.0
1785761015.360890,40,1,0,0,1,0,0,67.0
1785761015.376393,40,1,0,0,1,0,0,67.0
1785761015.390867,40,1,0,0,1,0,0,67.0
1785761015.406385,40,1,0,0,1,0,0,67.0
1785761015.421074,40,1,0,0,1,0,0,67.0
1785761015.435831,40,1,0,0,1,0,0,67.0
1785761015.451274,40,1,0,0,1,0,0,67.0
1785761015.466889,40,1,0,0,1,0,0,67.0
1785761015.481831,40,1,0,0,1,0,0,66.0
1785761015.497881,40,1,0,0,1,0,0,66.0
1785761015.512554,40,1,0,0,1,0,0,66.0
1785761015.527872,40,1,0,0,1,0,0,66.0
1785761015.543148,40,1,0,0,1,0,0,66.0
1785761015.558017,40,1,0,0,1,0,0,66.0
1785761015.573905,40,1,0,0,1,0,0,66.0
1785761015.589879,40,1,0,0,1,0,0,66.0
1785761015.605987,40,1,0,0,1,0,0,66.0
1785761015.621236,40,1,0,0,1,0,0,66.0
1785761015.636133,40,1,0,0,1,0,0,66.0
1785761015.651298,40,1,0,0,1,0,0,66.0
1785761015.666464,40,1,0,0,1,0,0,66.0
1785761015.681481,40,1,0,0,1,0,0,66.0
1785761015.698063,40,1,0,0,1,0,0,66.0
1785761015.713763,40,1,0,0,1,0,0,66.0
1785761015.728831,40,1,0,0,1,0,0,66.0
1785761015.743993,40,1,0,0,1,0,0,66.0
1785761015.758918,40,1,0,0,1,0,0,66.0
1785761015.774060,40,1,0,0,1,0,0,66.0
1785761015.789310,40,1,0,0,1,0,0,66.0
1785761015.804921,40,1,0,0,1,0,0,66.0
1785761015.820938,40,1,0,0,1,0,0,66.0
1785761015.835799,40,1,0,0,1,0,0,66.0
1785761015.851400,40,1,0,0,1,0,0,66.0
1785761015.866276,40,1,0,0,1,0,0,66.0
1785761015.880804,40,1,0,0,1,0,0,66.0
1785761015.896562,40,1,0,0,1,0,0,66.0
1785761015.911193,40,1,0,0,1,0,0,66.0
1785761015.925745,40,1,0,0,1,0,0,66.0
1785761015.940728,40,1,0,0,1,0,0,66.0
1785761015.956321,40,1,0,0,1,0,0,66.0
1785761015.971023,40,1,0,0,1,0,0,66.0
1785761015.986195,40,1,0,0,1,0,0,66.0
1785761016.000996,40,1,0,0,1,0,0,66.0
1785761016.015943,40,1,0,0,1,0,0,66.0
1785761016.031884,40,1,0,0,1,0,0,66.0
1785761016.046919,40,1,0,0,1,0,0,66.0
1785761016.061587,40,1,0,0,1,0,0,66.0
1785761016.077892,40,1,0,0,1,0,0,66.0
1785761016.093557,40,1,0,0,1,0,0,66.0
1785761016.108897,40,1,0,0,1,0,0,66.0
1785761016.123587,40,1,0,0,1,0,0,66.0
1785761016.139345,40,1,0,0,1,0,0,66.0
1785761016.155031,40,1,0,0,1,0,0,66.0
1785761016.171160,40,1,0,0,1,0,0,66.0
1785761016.186727,40,1,0,0,1,0,0,66.0
1785761016.201234,40,1,0,0,1,0,0,66.0
1785761016.217029,40,1,0,0,1,0,0,66.0
1785761016.231891,40,1,0,0,1,0,0,66.0
1785761016.246587,40,1,0,0,1,0,0,66.0
1785761016.261701,40,1,0,0,1,0,0,66.0
1785761016.276586,40,1,0,0,1,0,0,66.0
1785761016.291596,40,1,0,0,1,0,0,66.0
1785761016.306952,40,1,0,0,1,0,0,66.0
1785761016.321918,40,1,0,0,1,0,0,66.0
1785761016.337909,40,1,0,0,1,0,0,66.0
1785761016.353311,40,1,0,0,1,0,0,66.0
1785761016.367900,40,1,0,0,1,0,0,66.0
1785761016.383480,40,1,0,0,1,0,0,66.0
1785761016.398694,40,1,0,0,1,0,0,66.0
1785761016.413582,40,1,0,0,1,0,0,66.0
1785761016.428824,40,1,0,0,1,0,0,66.0
1785761016.444310,40,1,0,0,1,0,0,66.0
1785761016.460157,40,1,0,0,1,0,0,66.0
1785761016.475629,40,1,0,0,1,0,0,66.0
1785761016.490850,40,1,0,0,1,0,0,66.0
1785761016.506719,40,1,0,0,1,0,0,66.0
1785761016.521512,40,1,0,0,1,0,0,66.0
1785761016.537953,40,1,0,0,1,0,0,66.0
1785761016.553347,40,1,0,0,1,0,0,66.0
1785761016.567957,40,1,0,0,1,0,0,66.0
1785761016.582725,40,1,0,0,1,0,0,66.0
1785761016.597955,40,1,0,0,1,0,0,66.0
1785761016.613564,40,1,0,0,1,0,0,66.0
1785761016.628972,40,1,0,0,1,0,0,66.0
1785761016.643897,40,1,0,0,1,0,0,66.0
1785761016.658749,40,1,0,0,1,0,0,66.0
1785761016.674400,40,1,0,0,1,0,0,66.0
1785761016.689801,40,1,0,0,1,0,0,66.0
1785761016.705457,40,1,0,0,1,0,0,66.0
1785761016.721452,40,1,0,0,1,0,0,66.0
1785761016.736779,40,1,0,0,1,0,0,66.0
1785761016.751357,40,1,0,0,1,0,0,66.0
1785761016.766168,40,1,0,0,1,0,0,66.0
1785761016.780862,40,1,0,0,1,0,0,66.0
1785761016.795594,40,1,0,0,1,0,0,66.0
1785761016.810557,40,1,0,0,1,0,0,66.0
1785761016.825749,40,1,0,0,1,0,0,66.0
1785761016.840350,40,1,0,0,1,0,0,66.0
1785761016.856344,40,1,0,0,1,0,0,66.0
1785761016.872015,40,1,0,0,1,0,0,66.0
1785761016.887429,40,1,0,0,1,0,0,66.0
1785761016.902966,40,1,0,0,1,0,0,66.0
1785761016.918301,40,1,0,0,1,0,0,66.0
1785761016.933280,40,1,0,0,1,0,0,66.0
1785761016.948485,40,1,0,0,1,0,0,66.0
1785761016.963097,40,1,0,0,1,0,0,66.0
1785761016.978544,40,1,0,0,1,0,0,66.0
1785761016.993821,40,1,0,0,1,0,0,66.0
1785761017.008720,40,1,0,0,1,0,0,66.0
1785761017.009183,40,1,0,0,1,0,0,67.0
1785761017.024214,40,1,0,0,1,0,0,67.0
1785761017.039370,40,1,0,0,1,0,0,67.0
1785761017.054403,40,1,0,0,1,0,0,67.0
1785761017.069519,40,1,0,0,1,0,0,67.0
1785761017.084633,40,1,0,0,1,0,0,67.0
1785761017.100067,40,1,0,0,1,0,0,67.0
1785761017.115293,40,1,0,0,1,0,0,67.0
1785761017.130303,40,1,0,0,1,0,0,67.0
1785761017.145284,40,1,0,0,1,0,0,67.0
1785761017.160452,40,1,0,0,1,0,0,67.0
1785761017.174964,40,1,0,0,1,0,0,67.0
1785761017.189810,40,1,0,0,1,0,0,67.0
1785761017.204437,40,1,0,0,1,0,0,67.0
1785761017.219376,40,1,0,0,1,0,0,67.0
1785761017.234287,40,1,0,0,1,0,0,67.0
1785761017.249381,40,1,0,0,1,0,0,67.0
1785761017.264126,40,1,0,0,1,0,0,67.0
1785761017.278715,40,1,0,0,1,0,0,67.0
1785761017.294160,40,1,0,0,1,0,0,67.0
1785761017.309361,40,1,0,0,1,0,0,67.0
1785761017.324475,40,1,0,0,1,0,0,67.0
1785761017.339204,40,1,0,0,1,0,0,67.0
1785761017.354322,40,1,0,0,1,0,0,67.0
1785761017.369237,40,1,0,0,1,0,0,67.0
1785761017.384720,40,1,0,0,1,0,0,67.0
1785761017.399856,40,1,0,0,1,0,0,67.0
1785761017.415178,40,1,0,0,1,0,0,67.0
1785761017.430806,40,1,0,0,1,0,0,67.0
1785761017.445989,40,1,0,0,1,0,0,67.0
1785761017.461707,40,1,0,0,1,0,0,67.0
1785761017.477822,40,1,0,0,1,0,0,67.0
1785761017.492998,40,1,0,0,1,0,0,67.0
1785761017.507927,40,1,0,0,1,0,0,67.0
1785761017.523891,40,1,0,0,1,0,0,67.0
1785761017.539816,40,1,0,0,1,0,0,67.0
1785761017.555011,40,1,0,0,1,0,0,67.0
1785761017.571077,40,1,0,0,1,0,0,67.0
1785761017.585802,40,1,0,0,1,0,0,67.0
1785761017.600391,40,1,0,0,1,0,0,67.0
1785761017.615842,40,1,0,0,1,0,0,67.0
1785761017.630837,40,1,0,0,1,0,0,67.0
1785761017.645979,40,1,0,0,1,0,0,67.0
1785761017.660917,40,1,0,0,1,0,0,67.0
1785761017.676060,40,1,0,0,1,0,0,67.0
1785761017.691779,40,1,0,0,1,0,0,67.0
1785761017.706448,40,1,0,0,1,0,0,67.0
1785761017.721202,40,1,0,0,1,0,0,68.0
1785761017.737696,40,1,0,0,1,0,0,67.0
1785761017.753029,40,1,0,0,1,0,0,67.0
1785761017.767637,40,1,0,0,1,0,0,67.0
1785761017.783493,40,1,0,0,1,0,0,67.0
1785761017.799090,40,1,0,0,1,0,0,67.0
1785761017.814191,40,1,0,0,1,0,0,67.0
1785761017.828841,40,1,0,0,1,0,0,67.0
1785761017.843963,40,1,0,0,1,0,0,67.0
1785761017.858962,40,1,0,0,1,0,0,67.0
1785761017.873914,40,1,0,0,1,0,0,67.0
1785761017.888881,40,1,0,0,1,0,0,67.0
1785761017.903527,40,1,0,0,1,0,0,67.0
1785761017.919087,40,1,0,0,1,0,0,67.0
1785761017.933838,40,1,0,0,1,0,0,67.0
1785761017.950034,40,1,0,0,1,0,0,67.0
1785761017.965196,40,1,0,0,1,0,0,67.0
1785761017.980295,40,1,0,0,1,0,0,67.0
1785761017.995512,40,1,0,0,1,0,0,67.0
1785761018.010238,40,1,0,0,1,0,0,66.0
1785761018.024976,40,1,0,0,1,0,0,66.0
1785761018.040048,40,1,0,0,1,0,0,66.0
1785761018.055151,40,1,0,0,1,0,0,66.0
1785761018.071100,40,1,0,0,1,0,0,66.0
1785761018.086693,40,1,0,0,1,0,0,66.0
1785761018.101726,40,1,0,0,1,0,0,66.0
1785761018.116377,40,1,0,0,1,0,0,66.0
1785761018.131762,40,1,0,0,1,0,0,66.0
1785761018.147235,40,1,0,0,1,0,0,66.0
1785761018.162888,40,1,0,0,1,0,0,66.0
1785761018.178046,40,1,0,0,1,0,0,66.0
1785761018.193761,40,1,0,0,1,0,0,66.0
1785761018.209044,40,1,0,0,1,0,0,66.0
1785761018.224754,40,1,0,0,1,0,0,66.0
1785761018.240792,40,1,0,0,1,0,0,66.0
1785761018.256202,40,1,0,0,1,0,0,66.0
1785761018.271766,40,1,0,0,1,0,0,66.0
1785761018.287261,40,1,0,0,1,0,0,66.0
1785761018.302773,40,1,0,0,1,0,0,66.0
1785761018.317227,40,1,0,0,1,0,0,66.0
1785761018.332001,40,1,0,0,1,0,0,66.0
1785761018.347410,40,1,0,0,1,0,0,66.0
1785761018.363060,40,1,0,0,1,0,0,66.0
1785761018.378200,40,1,0,0,1,0,0,66.0
1785761018.393452,40,1,0,0,1,0,0,66.0
1785761018.408455,40,1,0,0,1,0,0,66.0
1785761018.423489,40,1,0,0,1,0,0,66.0
1785761018.438239,40,1,0,0,1,0,0,66.0
1785761018.453426,40,1,0,0,1,0,0,66.0
1785761018.468979,40,1,0,0,1,0,0,66.0
1785761018.484464,40,1,0,0,1,0,0,66.0
1785761018.499803,40,1,0,0,1,0,0,66.0
1785761018.515474,40,1,0,0,1,0,0,66.0
1785761018.530307,40,1,0,0,1,0,0,66.0
1785761018.545345,40,1,0,0,1,0,0,66.0
1785761018.561090,40,1,0,0,1,0,0,66.0
1785761018.577070,40,1,0,0,1,0,0,66.0
1785761018.592247,40,1,0,0,1,0,0,66.0
1785761018.608249,40,1,0,0,1,0,0,66.0
1785761018.625686,40,1,0,0,1,0,0,66.0
1785761018.638541,40,1,0,0,1,0,0,66.0
1785761018.639093,40,1,0,0,1,0,0,67.0
1785761018.653603,40,1,0,0,1,0,0,67.0
1785761018.669350,40,1,0,0,1,0,0,67.0
1785761018.683961,40,1,0,0,1,0,0,67.0
1785761018.698744,40,1,0,0,1,0,0,67.0
1785761018.713846,40,1,0,0,1,0,0,67.0
1785761018.729064,40,1,0,0,1,0,0,67.0
1785761018.744211,40,1,0,0,1,0,0,67.0
1785761018.760281,40,1,0,0,1,0,0,67.0
1785761018.775570,40,1,0,0,1,0,0,67.0
1785761018.790895,40,1,0,0,1,0,0,67.0
1785761018.806171,40,1,0,0,1,0,0,67.0
1785761018.820817,40,1,0,0,1,0,0,67.0
1785761018.835865,40,1,0,0,1,0,0,67.0
1785761018.850590,40,1,0,0,1,0,0,67.0
1785761018.851081,40,1,0,0,1,0,0,68.0
1785761018.865836,40,1,0,0,1,0,0,68.0
1785761018.880856,40,1,0,0,1,0,0,68.0
1785761018.897232,40,1,0,0,1,0,0,68.0
1785761018.912808,40,1,0,0,1,0,0,68.0
1785761018.928347,40,1,0,0,1,0,0,68.0
1785761018.943156,40,1,0,0,1,0,0,68.0
1785761018.958882,40,1,0,0,1,0,0,68.0
1785761018.974844,40,1,0,0,1,0,0,68.0
1785761018.990828,40,1,0,0,1,0,0,68.0
1785761019.007094,40,1,0,0,1,0,0,68.0
1785761019.022121,40,1,0,0,1,0,0,68.0
1785761019.037712,40,1,0,0,1,0,0,68.0
1785761019.038260,40,1,0,0,1,0,0,69.0
1785761019.053552,40,1,0,0,1,0,0,69.0
1785761019.067791,40,1,0,0,1,0,0,69.0
1785761019.082527,40,1,0,0,1,0,0,69.0
1785761019.097778,40,1,0,0,1,0,0,69.0
1785761019.113108,40,1,0,0,1,0,0,69.0
1785761019.128805,40,1,0,0,1,0,0,69.0
1785761019.144561,40,1,0,0,1,0,0,69.0
1785761019.159613,40,1,0,0,1,0,0,69.0
1785761019.174217,40,1,0,0,1,0,0,69.0
1785761019.189257,40,1,0,0,1,0,0,69.0
1785761019.203983,40,1,0,0,1,0,0,69.0
1785761019.204375,40,1,0,0,1,0,0,70.0
1785761019.219722,40,1,0,0,1,0,0,70.0
1785761019.234354,40,1,0,0,1,0,0,70.0
1785761019.249273,40,1,0,0,1,0,0,70.0
1785761019.264268,40,1,0,0,1,0,0,70.0
1785761019.279436,40,1,0,0,1,0,0,70.0
1785761019.295448,40,1,0,0,1,0,0,70.0
1785761019.310535,40,1,0,0,1,0,0,70.0
1785761019.325693,40,1,0,0,1,0,0,70.0
1785761019.340904,40,1,0,0,1,0,0,70.0
1785761019.355906,40,1,0,0,1,0,0,70.0
1785761019.371782,40,1,0,0,1,0,0,70.0
1785761019.386904,40,1,0,0,1,0,0,70.0
1785761019.401695,40,1,0,0,1,0,0,70.0
1785761019.416857,40,1,0,0,1,0,0,70.0
1785761019.431794,40,1,0,0,1,0,0,70.0
1785761019.446961,40,1,0,0,1,0,0,70.0
1785761019.462545,40,1,0,0,1,0,0,70.0
1785761019.477792,40,1,0,0,1,0,0,70.0
1785761019.492981,40,1,0,0,1,0,0,70.0
1785761019.508571,40,1,0,0,1,0,0,70.0
1785761019.523733,40,1,0,0,1,0,0,70.0
1785761019.538807,40,1,0,0,1,0,0,70.0
1785761019.554473,40,1,0,0,1,0,0,70.0
1785761019.569981,40,1,0,0,1,0,0,70.0
1785761019.585171,40,1,0,0,1,0,0,70.0
1785761019.599931,40,1,0,0,1,0,0,70.0
1785761019.615093,40,1,0,0,1,0,0,70.0
1785761019.629562,40,1,0,0,1,0,0,70.0
1785761019.645183,40,1,0,0,1,0,0,69.0
1785761019.660892,40,1,0,0,1,0,0,69.0
1785761019.675727,40,1,0,0,1,0,0,69.0
1785761019.691083,40,1,0,0,1,0,0,69.0
1785761019.705988,40,1,0,0,1,0,0,69.0
1785761019.721431,40,1,0,0,1,0,0,69.0
1785761019.736814,40,1,0,0,1,0,0,69.0
1785761019.751986,40,1,0,0,1,0,0,69.0
1785761019.767115,40,1,0,0,1,0,0,69.0
1785761019.782849,40,1,0,0,1,0,0,69.0
1785761019.797889,40,1,0,0,1,0,0,69.0
1785761019.812712,40,1,0,0,1,0,0,69.0
1785761019.827549,40,1,0,0,1,0,0,69.0
1785761019.842798,40,1,0,0,1,0,0,69.0
1785761019.857854,40,1,0,0,1,0,0,68.0
1785761019.873121,40,1,0,0,1,0,0,68.0
1785761019.888513,40,1,0,0,1,0,0,68.0
1785761019.902990,40,1,0,0,1,0,0,68.0
1785761019.918522,40,1,0,0,1,0,0,68.0
1785761019.933249,40,1,0,0,1,0,0,68.0
1785761019.949624,40,1,0,0,1,0,0,68.0
1785761019.965280,40,1,0,0,1,0,0,68.0
1785761019.980805,40,1,0,0,1,0,0,68.0
1785761019.995973,40,1,0,0,1,0,0,68.0
1785761020.011064,40,1,0,0,1,0,0,68.0
1785761020.027148,40,1,0,0,1,0,0,68.0
1785761020.043597,40,1,0,0,1,0,0,67.0
1785761020.058899,40,1,0,0,1,0,0,67.0
1785761020.073544,40,1,0,0,1,0,0,67.0
1785761020.088925,40,1,0,0,1,0,0,67.0
1785761020.103835,40,1,0,0,1,0,0,67.0
1785761020.118980,40,1,0,0,1,0,0,67.0
1785761020.133710,40,1,0,0,1,0,0,67.0
1785761020.149087,40,1,0,0,1,0,0,67.0
1785761020.163568,40,1,0,0,1,0,0,67.0
1785761020.178615,40,1,0,0,1,0,0,67.0
1785761020.193772,40,1,0,0,1,0,0,67.0
1785761020.208899,40,1,0,0,1,0,0,66.0
1785761020.209188,40,1,0,0,1,0,0,67.0
1785761020.224437,40,1,0,0,1,0,0,67.0
1785761020.239200,40,1,0,0,1,0,0,67.0
1785761020.254761,40,1,0,0,1,0,0,67.0
1785761020.270087,40,1,0,0,1,0,0,67.0
1785761020.284753,40,1,0,0,1,0,0,67.0
1785761020.299474,40,1,0,0,1,0,0,67.0
1785761020.314718,40,1,0,0,1,0,0,67.0
1785761020.329829,40,1,0,0,1,0,0,67.0
1785761020.344787,40,1,0,0,1,0,0,67.0
1785761020.360019,40,1,0,0,1,0,0,67.0
1785761020.375432,40,1,0,0,1,0,0,67.0
1785761020.390805,40,1,0,0,1,0,0,67.0
1785761020.406700,40,1,0,0,1,0,0,67.0
1785761020.421178,40,1,0,0,1,0,0,67.0
1785761020.436362,40,1,0,0,1,0,0,67.0
1785761020.451237,40,1,0,0,1,0,0,67.0
1785761020.466823,40,1,0,0,1,0,0,67.0
1785761020.481728,40,1,0,0,1,0,0,67.0
1785761020.496459,40,1,0,0,1,0,0,67.0
1785761020.511412,40,1,0,0,1,0,0,67.0
1785761020.526359,40,1,0,0,1,0,0,67.0
1785761020.541803,40,1,0,0,1,0,0,67.0
1785761020.556924,40,1,0,0,1,0,0,67.0
1785761020.571605,40,1,0,0,1,0,0,67.0
1785761020.586632,40,1,0,0,1,0,0,67.0
1785761020.601732,40,1,0,0,1,0,0,67.0
1785761020.616947,40,1,0,0,1,0,0,67.0
1785761020.631813,40,1,0,0,1,0,0,67.0
1785761020.646806,40,1,0,0,1,0,0,67.0
1785761020.661600,40,1,0,0,1,0,0,67.0
1785761020.677857,40,1,0,0,1,0,0,67.0
1785761020.692809,40,1,0,0,1,0,0,67.0
1785761020.707976,40,1,0,0,1,0,0,67.0
1785761020.723507,40,1,0,0,1,0,0,67.0
1785761020.738841,40,1,0,0,1,0,0,67.0
1785761020.753775,40,1,0,0,1,0,0,67.0
1785761020.769074,40,1,0,0,1,0,0,67.0
1785761020.783591,40,1,0,0,1,0,0,67.0
1785761020.799076,40,1,0,0,1,0,0,67.0
1785761020.814602,40,1,0,0,1,0,0,67.0
1785761020.829825,40,1,0,0,1,0,0,67.0
1785761020.845835,40,1,0,0,1,0,0,67.0
1785761020.860479,40,1,0,0,1,0,0,67.0
1785761020.875800,40,1,0,0,1,0,0,67.0
1785761020.876315,40,1,0,0,1,0,0,68.0
1785761020.891972,40,1,0,0,1,0,0,68.0
1785761020.907792,40,1,0,0,1,0,0,68.0
1785761020.922812,40,1,0,0,1,0,0,68.0
1785761020.937838,40,1,0,0,1,0,0,68.0
1785761020.952777,40,1,0,0,1,0,0,68.0
1785761020.968033,40,1,0,0,1,0,0,68.0
1785761020.982823,40,1,0,0,1,0,0,68.0
1785761020.997823,40,1,0,0,1,0,0,68.0
1785761021.012599,40,1,0,0,1,0,0,68.0
1785761021.027995,40,1,0,0,1,0,0,68.0
1785761021.043465,40,1,0,0,1,0,0,69.0
1785761021.058337,40,1,0,0,1,0,0,69.0
1785761021.073374,40,1,0,0,1,0,0,69.0
1785761021.088239,40,1,0,0,1,0,0,69.0
1785761021.104415,40,1,0,0,1,0,0,68.0
1785761021.119446,40,1,0,0,1,0,0,68.0
1785761021.134528,40,1,0,0,1,0,0,68.0
1785761021.149411,40,1,0,0,1,0,0,68.0
1785761021.164295,40,1,0,0,1,0,0,68.0
1785761021.179367,40,1,0,0,1,0,0,68.0
1785761021.195324,40,1,0,0,1,0,0,68.0
1785761021.210465,40,1,0,0,1,0,0,67.0
1785761021.225391,40,1,0,0,1,0,0,67.0
1785761021.240208,40,1,0,0,1,0,0,67.0
1785761021.255917,40,1,0,0,1,0,0,67.0
1785761021.271010,40,1,0,0,1,0,0,67.0
1785761021.285807,40,1,0,0,1,0,0,67.0
1785761021.300320,40,1,0,0,1,0,0,67.0
1785761021.315214,40,1,0,0,1,0,0,67.0
1785761021.330851,40,1,0,0,1,0,0,67.0
1785761021.345830,40,1,0,0,1,0,0,67.0
1785761021.360761,40,1,0,0,1,0,0,67.0
1785761021.375921,40,1,0,0,1,0,0,67.0
1785761021.390802,40,1,0,0,1,0,0,68.0
1785761021.405965,40,1,0,0,1,0,0,68.0
1785761021.421457,40,1,0,0,1,0,0,67.0
1785761021.436822,40,1,0,0,1,0,0,67.0
1785761021.451696,40,1,0,0,1,0,0,67.0
1785761021.466976,40,1,0,0,1,0,0,67.0
1785761021.481842,40,1,0,0,1,0,0,67.0
1785761021.497915,40,1,0,0,1,0,0,67.0
1785761021.513611,40,1,0,0,1,0,0,67.0
1785761021.528341,40,1,0,0,1,0,0,67.0
1785761021.544265,40,1,0,0,1,0,0,67.0
1785761021.559867,40,1,0,0,1,0,0,67.0
1785761021.574455,40,1,0,0,1,0,0,67.0
1785761021.589899,40,1,0,0,1,0,0,67.0
1785761021.605503,40,1,0,0,1,0,0,67.0
1785761021.620454,40,1,0,0,1,0,0,67.0
1785761021.635205,40,1,0,0,1,0,0,67.0
1785761021.651181,40,1,0,0,1,0,0,67.0
1785761021.666599,40,1,0,0,1,0,0,67.0
1785761021.681776,40,1,0,0,1,0,0,67.0
1785761021.696390,40,1,0,0,1,0,0,67.0
1785761021.711349,40,1,0,0,1,0,0,67.0
1785761021.726325,40,1,0,0,1,0,0,67.0
1785761021.741621,40,1,0,0,1,0,0,67.0
1785761021.756865,40,1,0,0,1,0,0,67.0
1785761021.771626,40,1,0,0,1,0,0,67.0
1785761021.786902,40,1,0,0,1,0,0,67.0
1785761021.802452,40,1,0,0,1,0,0,67.0
1785761021.817967,40,1,0,0,1,0,0,67.0
1785761021.833595,40,1,0,0,1,0,0,67.0
1785761021.849920,40,1,0,0,1,0,0,67.0
1785761021.865566,40,1,0,0,1,0,0,67.0
1785761021.880842,40,1,0,0,1,0,0,66.0
1785761021.895628,40,1,0,0,1,0,0,66.0
1785761021.910878,40,1,0,0,1,0,0,66.0
1785761021.925945,40,1,0,0,1,0,0,66.0
1785761021.940598,40,1,0,0,1,0,0,66.0
1785761021.955384,40,1,0,0,1,0,0,66.0
1785761021.970961,40,1,0,0,1,0,0,66.0
1785761021.985815,40,1,0,0,1,0,0,66.0
1785761022.000263,40,1,0,0,1,0,0,66.0
1785761022.014982,40,1,0,0,1,0,0,66.0
1785761022.029705,40,1,0,0,1,0,0,66.0
1785761022.045161,40,1,0,0,1,0,0,66.0
1785761022.060201,40,1,0,0,1,0,0,66.0
1785761022.075038,40,1,0,0,1,0,0,66.0
1785761022.090729,40,1,0,0,1,0,0,66.0
1785761022.106012,40,1,0,0,1,0,0,66.0
1785761022.120961,40,1,0,0,1,0,0,66.0
1785761022.136089,40,1,0,0,1,0,0,66.0
1785761022.151252,40,1,0,0,1,0,0,66.0
1785761022.166006,40,1,0,0,1,0,0,66.0
1785761022.180814,40,1,0,0,1,0,0,66.0
1785761022.195894,40,1,0,0,1,0,0,66.0
1785761022.210842,40,1,0,0,1,0,0,66.0
1785761022.225860,40,1,0,0,1,0,0,66.0
1785761022.241399,40,1,0,0,1,0,0,66.0
1785761022.256898,40,1,0,0,1,0,0,66.0
1785761022.272045,40,1,0,0,1,0,0,66.0
1785761022.287879,40,1,0,0,1,0,0,66.0
1785761022.303972,40,1,0,0,1,0,0,66.0
1785761022.319100,40,1,0,0,1,0,0,66.0
1785761022.333789,40,1,0,0,1,0,0,66.0
1785761022.348906,40,1,0,0,1,0,0,66.0
1785761022.363865,40,1,0,0,1,0,0,66.0
1785761022.378697,40,1,0,0,1,0,0,66.0
1785761022.393950,40,1,0,0,1,0,0,66.0
1785761022.409889,40,1,0,0,1,0,0,66.0
1785761022.425915,40,1,0,0,1,0,0,66.0
1785761022.440742,40,1,0,0,1,0,0,66.0
1785761022.455451,40,1,0,0,1,0,0,66.0
1785761022.470964,40,1,0,0,1,0,0,66.0
1785761022.485790,40,1,0,0,1,0,0,66.0
1785761022.501241,40,1,0,0,1,0,0,66.0
1785761022.516928,40,1,0,0,1,0,0,66.0
1785761022.532994,40,1,0,0,1,0,0,66.0
1785761022.547963,40,1,0,0,1,0,0,66.0
1785761022.563586,40,1,0,0,1,0,0,66.0
1785761022.578779,40,1,0,0,1,0,0,66.0
1785761022.593945,40,1,0,0,1,0,0,66.0
1785761022.608810,40,1,0,0,1,0,0,66.0
1785761022.609178,40,1,0,0,1,0,0,67.0
1785761022.624954,40,1,0,0,1,0,0,67.0
1785761022.639818,40,1,0,0,1,0,0,67.0
1785761022.656144,40,1,0,0,1,0,0,67.0
1785761022.671142,40,1,0,0,1,0,0,67.0
1785761022.685866,40,1,0,0,1,0,0,67.0
1785761022.700983,40,1,0,0,1,0,0,67.0
1785761022.715727,40,1,0,0,1,0,0,67.0
1785761022.730875,40,1,0,0,1,0,0,67.0
1785761022.746049,40,1,0,0,1,0,0,67.0
1785761022.761625,40,1,0,0,1,0,0,67.0
1785761022.777111,40,1,0,0,1,0,0,67.0
1785761022.793003,40,1,0,0,1,0,0,67.0
1785761022.807545,40,1,0,0,1,0,0,67.0
1785761022.822756,40,1,0,0,1,0,0,67.0
1785761022.837792,40,1,0,0,1,0,0,67.0
1785761022.852323,40,1,0,0,1,0,0,67.0
1785761022.868079,40,1,0,0,1,0,0,67.0
1785761022.883121,40,1,0,0,1,0,0,67.0
1785761022.897950,40,1,0,0,1,0,0,67.0
1785761022.912538,40,1,0,0,1,0,0,67.0
1785761022.927346,40,1,0,0,1,0,0,67.0
1785761022.943159,40,1,0,0,1,0,0,67.0
1785761022.957753,40,1,0,0,1,0,0,67.0
1785761022.973724,40,1,0,0,1,0,0,67.0
1785761022.988428,40,1,0,0,1,0,0,67.0
1785761023.003749,40,1,0,0,1,0,0,67.0
1785761023.019343,40,1,0,0,1,0,0,67.0
1785761023.035129,40,1,0,0,1,0,0,67.0
1785761023.050504,40,1,0,0,1,0,0,67.0
1785761023.066164,40,1,0,0,1,0,0,67.0
1785761023.080918,40,1,0,0,1,0,0,67.0
1785761023.095939,40,1,0,0,1,0,0,67.0
1785761023.110583,40,1,0,0,1,0,0,67.0
1785761023.126081,40,1,0,0,1,0,0,67.0
1785761023.140757,40,1,0,0,1,0,0,67.0
1785761023.156351,40,1,0,0,1,0,0,67.0
1785761023.171410,40,1,0,0,1,0,0,67.0
1785761023.186857,40,1,0,0,1,0,0,67.0
1785761023.202323,40,1,0,0,1,0,0,67.0
1785761023.218314,40,1,0,0,1,0,0,67.0
1785761023.233931,40,1,0,0,1,0,0,67.0
1785761023.249187,40,1,0,0,1,0,0,67.0
1785761023.265318,40,1,0,0,1,0,0,67.0
1785761023.280334,40,1,0,0,1,0,0,67.0
1785761023.295256,40,1,0,0,1,0,0,67.0
1785761023.310863,40,1,0,0,1,0,0,67.0
1785761023.326946,40,1,0,0,1,0,0,67.0
1785761023.342034,40,1,0,0,1,0,0,67.0
1785761023.357175,40,1,0,0,1,0,0,67.0
1785761023.372188,40,1,0,0,1,0,0,67.0
1785761023.387514,40,1,0,0,1,0,0,67.0
1785761023.403134,40,1,0,0,1,0,0,67.0
1785761023.418339,40,1,0,0,1,0,0,67.0
1785761023.433958,40,1,0,0,1,0,0,67.0
1785761023.449378,40,1,0,0,1,0,0,67.0
1785761023.465032,40,1,0,0,1,0,0,67.0
1785761023.480155,40,1,0,0,1,0,0,67.0
1785761023.495078,40,1,0,0,1,0,0,67.0
1785761023.510078,40,1,0,0,1,0,0,67.0
1785761023.525629,40,1,0,0,1,0,0,67.0
1785761023.540348,40,1,0,0,1,0,0,67.0
1785761023.555537,40,1,0,0,1,0,0,67.0
1785761023.570560,40,1,0,0,1,0,0,67.0
1785761023.585786,40,1,0,0,1,0,0,67.0
1785761023.600994,40,1,0,0,1,0,0,67.0
1785761023.617003,40,1,0,0,1,0,0,66.0
1785761023.632594,40,1,0,0,1,0,0,66.0
1785761023.647583,40,1,0,0,1,0,0,66.0
1785761023.662216,40,1,0,0,1,0,0,66.0
1785761023.677173,40,1,0,0,1,0,0,66.0
1785761023.692426,40,1,0,0,1,0,0,66.0
1785761023.707792,40,1,0,0,1,0,0,66.0
1785761023.722635,40,1,0,0,1,0,0,66.0
1785761023.737895,40,1,0,0,1,0,0,66.0
1785761023.752601,40,1,0,0,1,0,0,66.0
1785761023.767839,40,1,0,0,1,0,0,66.0
1785761023.783814,40,1,0,0,1,0,0,66.0
1785761023.800509,40,1,0,0,1,0,0,66.0
1785761023.815949,40,1,0,0,1,0,0,66.0
1785761023.830756,40,1,0,0,1,0,0,66.0
1785761023.845819,40,1,0,0,1,0,0,66.0
1785761023.860532,40,1,0,0,1,0,0,66.0
1785761023.876237,40,1,0,0,1,0,0,66.0
1785761023.890921,40,1,0,0,1,0,0,66.0
1785761023.906982,40,1,0,0,1,0,0,66.0
1785761023.921638,40,1,0,0,1,0,0,66.0
1785761023.937849,40,1,0,0,1,0,0,66.0
1785761023.952870,40,1,0,0,1,0,0,66.0
1785761023.967361,40,1,0,0,1,0,0,66.0
1785761023.983676,40,1,0,0,1,0,0,66.0
1785761023.998220,40,1,0,0,1,0,0,66.0
1785761024.013466,40,1,0,0,1,0,0,66.0
1785761024.028059,40,1,0,0,1,0,0,66.0
1785761024.043211,40,1,0,0,1,0,0,66.0
1785761024.058027,40,1,0,0,1,0,0,66.0
1785761024.073489,40,1,0,0,1,0,0,66.0
1785761024.089042,40,1,0,0,1,0,0,66.0
1785761024.103729,40,1,0,0,1,0,0,66.0
1785761024.119148,40,1,0,0,1,0,0,66.0
1785761024.133944,40,1,0,0,1,0,0,66.0
1785761024.149143,40,1,0,0,1,0,0,66.0
1785761024.164422,40,1,0,0,1,0,0,66.0
1785761024.180000,40,1,0,0,1,0,0,66.0
1785761024.195210,40,1,0,0,1,0,0,66.0
1785761024.209829,40,1,0,0,1,0,0,66.0
1785761024.224917,40,1,0,0,1,0,0,66.0
1785761024.239485,40,1,0,0,1,0,0,66.0
1785761024.255138,40,1,0,0,1,0,0,66.0
1785761024.270169,40,1,0,0,1,0,0,66.0
1785761024.285065,40,1,0,0,1,0,0,66.0
1785761024.300686,40,1,0,0,1,0,0,66.0
1785761024.315566,40,1,0,0,1,0,0,66.0
1785761024.330688,40,1,0,0,1,0,0,66.0
1785761024.345437,40,1,0,0,1,0,0,66.0
1785761024.360369,40,1,0,0,1,0,0,66.0
1785761024.375590,40,1,0,0,1,0,0,66.0
1785761024.390813,40,1,0,0,1,0,0,66.0
1785761024.405768,40,1,0,0,1,0,0,66.0
1785761024.420838,40,1,0,0,1,0,0,66.0
1785761024.435800,40,1,0,0,1,0,0,66.0
1785761024.451314,40,1,0,0,1,0,0,66.0
1785761024.467068,40,1,0,0,1,0,0,66.0
1785761024.482047,40,1,0,0,1,0,0,66.0
1785761024.498021,40,1,0,0,1,0,0,66.0
1785761024.513597,40,1,0,0,1,0,0,66.0
1785761024.528884,40,1,0,0,1,0,0,66.0
1785761024.543896,40,1,0,0,1,0,0,66.0
1785761024.558921,40,1,0,0,1,0,0,66.0
1785761024.574058,40,1,0,0,1,0,0,66.0
1785761024.589376,40,1,0,0,1,0,0,66.0
1785761024.604892,40,1,0,0,1,0,0,66.0
1785761024.619932,40,1,0,0,1,0,0,66.0
1785761024.634800,40,1,0,0,1,0,0,66.0
1785761024.650001,40,1,0,0,1,0,0,66.0
1785761024.665715,40,1,0,0,1,0,0,66.0
1785761024.680778,40,1,0,0,1,0,0,66.0
1785761024.695768,40,1,0,0,1,0,0,66.0
1785761024.710536,40,1,0,0,1,0,0,66.0
1785761024.725779,40,1,0,0,1,0,0,66.0
1785761024.740827,40,1,0,0,1,0,0,66.0
1785761024.755973,40,1,0,0,1,0,0,66.0
1785761024.771053,40,1,0,0,1,0,0,66.0
1785761024.786936,40,1,0,0,1,0,0,66.0
1785761024.803510,40,1,0,0,1,0,0,66.0
1785761024.819231,40,1,0,0,1,0,0,66.0
1785761024.834947,40,1,0,0,1,0,0,66.0
1785761024.850506,40,1,0,0,1,0,0,66.0
1785761024.865693,40,1,0,0,1,0,0,66.0
1785761024.881204,40,1,0,0,1,0,0,66.0
1785761024.896430,40,1,0,0,1,0,0,66.0
1785761024.911248,40,1,0,0,1,0,0,66.0
1785761024.926399,40,1,0,0,1,0,0,66.0
1785761024.941162,40,1,0,0,1,0,0,66.0
1785761024.956626,40,1,0,0,1,0,0,66.0
1785761024.972118,40,1,0,0,1,0,0,66.0
1785761024.987386,40,1,0,0,1,0,0,66.0
1785761025.003372,40,1,0,0,1,0,0,66.0
1785761025.018032,40,1,0,0,1,0,0,66.0
1785761025.033497,40,1,0,0,1,0,0,66.0
1785761025.048012,40,1,0,0,1,0,0,66.0
1785761025.063633,40,1,0,0,1,0,0,66.0
1785761025.078953,40,1,0,0,1,0,0,66.0
1785761025.094898,40,1,0,0,1,0,0,66.0
1785761025.110254,40,1,0,0,1,0,0,66.0
1785761025.126141,40,1,0,0,1,0,0,66.0
1785761025.141248,40,1,0,0,1,0,0,66.0
1785761025.156398,40,1,0,0,1,0,0,66.0
1785761025.171505,40,1,0,0,1,0,0,66.0
1785761025.186375,40,1,0,0,1,0,0,66.0
1785761025.201490,40,1,0,0,1,0,0,66.0
1785761025.216563,40,1,0,0,1,0,0,66.0
1785761025.231418,40,1,0,0,1,0,0,66.0
1785761025.247100,40,1,0,0,1,0,0,66.0
1785761025.261964,40,1,0,0,1,0,0,66.0
1785761025.277449,40,1,0,0,1,0,0,66.0
1785761025.293785,40,1,0,0,1,0,0,66.0
1785761025.308566,40,1,0,0,1,0,0,66.0
1785761025.323045,40,1,0,0,1,0,0,66.0
1785761025.338352,40,1,0,0,1,0,0,66.0
1785761025.353968,40,1,0,0,1,0,0,66.0
1785761025.354627,40,1,0,0,1,0,0,67.0
1785761025.369541,40,1,0,0,1,0,0,67.0
1785761025.384384,40,1,0,0,1,0,0,67.0
1785761025.399127,40,1,0,0,1,0,0,67.0
1785761025.414342,40,1,0,0,1,0,0,67.0
1785761025.429599,40,1,0,0,1,0,0,67.0
1785761025.445125,40,1,0,0,1,0,0,67.0
1785761025.460756,40,1,0,0,1,0,0,67.0
1785761025.476023,40,1,0,0,1,0,0,67.0
1785761025.491855,40,1,0,0,1,0,0,67.0
1785761025.507021,40,1,0,0,1,0,0,67.0
1785761025.522401,40,1,0,0,1,0,0,67.0
1785761025.537428,40,1,0,0,1,0,0,67.0
1785761025.553180,40,1,0,0,1,0,0,67.0
1785761025.567894,40,1,0,0,1,0,0,67.0
1785761025.583389,40,1,0,0,1,0,0,67.0
1785761025.598745,40,1,0,0,1,0,0,67.0
1785761025.614361,40,1,0,0,1,0,0,67.0
1785761025.629890,40,1,0,0,1,0,0,67.0
1785761025.644921,40,1,0,0,1,0,0,67.0
1785761025.660736,40,1,0,0,1,0,0,67.0
1785761025.676014,40,1,0,0,1,0,0,67.0
1785761025.691577,40,1,0,0,1,0,0,67.0
1785761025.706924,40,1,0,0,1,0,0,67.0
1785761025.721984,40,1,0,0,1,0,0,67.0
1785761025.737827,40,1,0,0,1,0,0,67.0
1785761025.752480,40,1,0,0,1,0,0,67.0
1785761025.768121,40,1,0,0,1,0,0,67.0
1785761025.783069,40,1,0,0,1,0,0,67.0
1785761025.799087,40,1,0,0,1,0,0,67.0
1785761025.813807,40,1,0,0,1,0,0,67.0
1785761025.828883,40,1,0,0,1,0,0,67.0
1785761025.844027,40,1,0,0,1,0,0,67.0
1785761025.859009,40,1,0,0,1,0,0,67.0
1785761025.874937,40,1,0,0,1,0,0,67.0
1785761025.889832,40,1,0,0,1,0,0,67.0
1785761025.904554,40,1,0,0,1,0,0,67.0
1785761025.919583,40,1,0,0,1,0,0,67.0
1785761025.934250,40,1,0,0,1,0,0,67.0
1785761025.949313,40,1,0,0,1,0,0,67.0
1785761025.964151,40,1,0,0,1,0,0,67.0
1785761025.979386,40,1,0,0,1,0,0,67.0
1785761025.994721,40,1,0,0,1,0,0,67.0
1785761026.010338,40,1,0,0,1,0,0,67.0
1785761026.025229,40,1,0,0,1,0,0,67.0
1785761026.040484,40,1,0,0,1,0,0,67.0
1785761026.054633,40,1,0,0,1,0,0,67.0
1785761026.069448,40,1,0,0,1,0,0,67.0
1785761026.084390,40,1,0,0,1,0,0,67.0
1785761026.100027,40,1,0,0,1,0,0,67.0
1785761026.100423,40,1,0,0,1,0,0,68.0
1785761026.114788,40,1,0,0,1,0,0,68.0
1785761026.129927,40,1,0,0,1,0,0,68.0
1785761026.144314,40,1,0,0,1,0,0,68.0
1785761026.159595,40,1,0,0,1,0,0,68.0
1785761026.174581,40,1,0,0,1,0,0,68.0
1785761026.189776,40,1,0,0,1,0,0,68.0
1785761026.204535,40,1,0,0,1,0,0,68.0
1785761026.219194,40,1,0,0,1,0,0,68.0
1785761026.234189,40,1,0,0,1,0,0,68.0
1785761026.249276,40,1,0,0,1,0,0,68.0
1785761026.263970,40,1,0,0,1,0,0,68.0
1785761026.278838,40,1,0,0,1,0,0,68.0
1785761026.294938,40,1,0,0,1,0,0,68.0
1785761026.309983,40,1,0,0,1,0,0,68.0
1785761026.325984,40,1,0,0,1,0,0,68.0
1785761026.340978,40,1,0,0,1,0,0,68.0
1785761026.356025,40,1,0,0,1,0,0,67.0
1785761026.371791,40,1,0,0,1,0,0,67.0
1785761026.387143,40,1,0,0,1,0,0,67.0
1785761026.402563,40,1,0,0,1,0,0,67.0
1785761026.418036,40,1,0,0,1,0,0,67.0
1785761026.432812,40,1,0,0,1,0,0,67.0
1785761026.448121,40,1,0,0,1,0,0,67.0
1785761026.463760,40,1,0,0,1,0,0,67.0
1785761026.478935,40,1,0,0,1,0,0,67.0
1785761026.493968,40,1,0,0,1,0,0,67.0
1785761026.509068,40,1,0,0,1,0,0,67.0
1785761026.524155,40,1,0,0,1,0,0,67.0
1785761026.539437,40,1,0,0,1,0,0,67.0
1785761026.554039,40,1,0,0,1,0,0,67.0
1785761026.555528,40,1,0,0,1,0,0,68.0
1785761026.569285,40,1,0,0,1,0,0,68.0
1785761026.584835,40,1,0,0,1,0,0,68.0
1785761026.600490,40,1,0,0,1,0,0,68.0
1785761026.616110,40,1,0,0,1,0,0,68.0
1785761026.630788,40,1,0,0,1,0,0,68.0
1785761026.646045,40,1,0,0,1,0,0,68.0
1785761026.660702,40,1,0,0,1,0,0,69.0
1785761026.675582,40,1,0,0,1,0,0,69.0
1785761026.690541,40,1,0,0,1,0,0,69.0
1785761026.706051,40,1,0,0,1,0,0,69.0
1785761026.721962,40,1,0,0,1,0,0,69.0
1785761026.736945,40,1,0,0,1,0,0,69.0
1785761026.751929,40,1,0,0,1,0,0,69.0
1785761026.767071,40,1,0,0,1,0,0,69.0
1785761026.783158,40,1,0,0,1,0,0,68.0
1785761026.799131,40,1,0,0,1,0,0,68.0
1785761026.813807,40,1,0,0,1,0,0,69.0
1785761026.828932,40,1,0,0,1,0,0,68.0
1785761026.844085,40,1,0,0,1,0,0,68.0
1785761026.859079,40,1,0,0,1,0,0,68.0
1785761026.873626,40,1,0,0,1,0,0,69.0
1785761026.888420,40,1,0,0,1,0,0,69.0
1785761026.903514,40,1,0,0,1,0,0,69.0
1785761026.918745,40,1,0,0,1,0,0,69.0
1785761026.933993,40,1,0,0,1,0,0,69.0
1785761026.949451,40,1,0,0,1,0,0,68.0
1785761026.964118,40,1,0,0,1,0,0,69.0
